ID,Tweet,Tanggal,Lokasi
1663825197802344449,"KSP Sebut pemerintah tak akan campuri putusan MK soal pemilu #PemiluSerentak2024
#Pemilu2024SesuaiTahapan
#TolakPenundaanPemilu
#AntiPolitikIdentitas
#TolakPolitikMasjid
#Pancasila
#Pemilu2024
#Pilpres2024
#Capres2024
#KPU
#Bawaslu
#IndonesiaMaju https://t.co/4cLjNONJgS",2023-05-31 08:30:14,
1663825118626209793,"KSP Sebut pemerintah tak akan campuri putusan MK soal pemilu #PemiluSerentak2024
#Pemilu2024SesuaiTahapan
#TolakPenundaanPemilu
#AntiPolitikIdentitas
#TolakPolitikMasjid
#Pancasila
#Pemilu2024
#Pilpres2024
#Capres2024
#KPU
#Bawaslu
#IndonesiaMaju https://t.co/6XO1mtuwpv",2023-05-31 08:29:55,
1663823972025376769,"Pemerintah dan KPU tidak ikut campur dan memberikan penuh kewenangan pada MK dalam putusan terkait Sistem Proporsional Pemilu 2024  
#PemiluSerentak2024
#Pemilu2024SesuaiTahapan
#TolakPenundaanPemilu
#AntiPolitikIdentitas
#TolakPolitikMasjid
#Pancasila
#Pemilu2024
#Pilpres2024 https://t.co/PP4t9tR5b4",2023-05-31 08:25:21,"Place(id='3ca381967d8f4c1d', fullName='Moluccas, Indonesia', name='Moluccas', type='admin', country='Indonesia', countryCode='ID')"
1663823926500429824,"Pemerintah dan KPU tidak ikut campur dan memberikan penuh kewenangan pada MK dalam putusan terkait Sistem Proporsional Pemilu 2024  
#PemiluSerentak2024
#Pemilu2024SesuaiTahapan
#TolakPenundaanPemilu
#AntiPolitikIdentitas
#TolakPolitikMasjid
#Pancasila
#Pemilu2024
#Pilpres2024 https://t.co/v9fxJgqZsb",2023-05-31 08:25:11,"Place(id='3ca381967d8f4c1d', fullName='Moluccas, Indonesia', name='Moluccas', type='admin', country='Indonesia', countryCode='ID')"
1663823866718982146,"Pemerintah dan KPU tidak ikut campur dan memberikan penuh kewenangan pada MK dalam putusan terkait Sistem Proporsional Pemilu 2024  
#PemiluSerentak2024
#Pemilu2024SesuaiTahapan
#TolakPenundaanPemilu
#AntiPolitikIdentitas
#TolakPolitikMasjid
#Pancasila
#Pemilu2024
#Pilpres2024 https://t.co/wNHBlO09Dd",2023-05-31 08:24:56,"Place(id='3ca381967d8f4c1d', fullName='Moluccas, Indonesia', name='Moluccas', type='admin', country='Indonesia', countryCode='ID')"
1663823807927435264,"Pemerintah dan KPU tidak ikut campur dan memberikan penuh kewenangan pada MK dalam putusan terkait Sistem Proporsional Pemilu 2024  
#PemiluSerentak2024
#Pemilu2024SesuaiTahapan
#TolakPenundaanPemilu
#AntiPolitikIdentitas
#TolakPolitikMasjid
#Pancasila
#Pemilu2024
#Pilpres2024 https://t.co/7lbiuaHRLh",2023-05-31 08:24:42,"Place(id='3ca381967d8f4c1d', fullName='Moluccas, Indonesia', name='Moluccas', type='admin', country='Indonesia', countryCode='ID')"
1663823782858084353,@refaabdi Bawaslu RI telah merilis Indeks Kerawanan Pemilu 2024. Mari kita amati bersama potensi kerawanan yang dapat mengganggu penyelenggaraan Pemilu 2024 di daerah. #tidakadapenundaanpemilu #Pemilu2024Coblos #tolakgolput,2023-05-31 08:24:36,
1663823754970169344,"Pemerintah dan KPU tidak ikut campur dan memberikan penuh kewenangan pada MK dalam putusan terkait Sistem Proporsional Pemilu 2024  
#PemiluSerentak2024
#Pemilu2024SesuaiTahapan
#TolakPenundaanPemilu
#AntiPolitikIdentitas
#TolakPolitikMasjid
#Pancasila
#Pemilu2024
#Pilpres2024 https://t.co/yvTlVSJuYk",2023-05-31 08:24:30,"Place(id='3ca381967d8f4c1d', fullName='Moluccas, Indonesia', name='Moluccas', type='admin', country='Indonesia', countryCode='ID')"
1663823713421398017,"Anggota Komisi III DPR RI, Taufik Basari, mendorong Polri untuk mengusut tuntas dugaan aliran dana narkoba terkait dengan Pemilihan Umum 2024. Penting bagi aparat hukum untuk menjelaskan kebenaran isu ini demi kelancaran proses pemilu. #Komisi3 #Pemilu2024 https://t.co/vaWLAPJ6v1",2023-05-31 08:24:20,
1663823457157791744,"#PemiluSantun
#AniesBaswedan
#AniesGagal
#JanjiManisAnies
#PolitikIdentitas
#KoalisiPerubahan
#AniesAntekCendana
#UntukIndonesia
#Capres2024
#Pilpres2024
#Pemilu2024
#PemiluSerentak2024 https://t.co/ZrHR9RUuNu",2023-05-31 08:23:19,
1663823435540340737,"#PemiluSantun
#AniesBaswedan
#AniesGagal
#JanjiManisAnies
#PolitikIdentitas
#KoalisiPerubahan
#AniesAntekCendana
#UntukIndonesia
#Capres2024
#Pilpres2024
#Pemilu2024
#PemiluSerentak2024 https://t.co/tPfjKNb6cl",2023-05-31 08:23:14,
1663823433288007682,"#PemiluSantun
#AniesBaswedan
#AniesGagal
#JanjiManisAnies
#PolitikIdentitas
#KoalisiPerubahan
#AniesAntekCendana
#UntukIndonesia
#Capres2024
#Pilpres2024
#Pemilu2024
#PemiluSerentak2024 https://t.co/Suf2KcoQVU",2023-05-31 08:23:13,
1663823409195929600,"#PemiluSantun
#AniesBaswedan
#AniesGagal
#JanjiManisAnies
#PolitikIdentitas
#KoalisiPerubahan
#AniesAntekCendana
#UntukIndonesia
#Capres2024
#Pilpres2024
#Pemilu2024
#PemiluSerentak2024 https://t.co/WSqO2DHEW1",2023-05-31 08:23:07,
1663823386689290240,"#PemiluSantun
#AniesBaswedan
#AniesGagal
#JanjiManisAnies
#PolitikIdentitas
#KoalisiPerubahan
#AniesAntekCendana
#UntukIndonesia
#Capres2024
#Pilpres2024
#Pemilu2024
#PemiluSerentak2024 https://t.co/i1wRQF0Yxe",2023-05-31 08:23:02,
1663823371958906881,"#PemiluSantun
#AniesBaswedan
#AniesGagal
#JanjiManisAnies
#PolitikIdentitas
#KoalisiPerubahan
#AniesAntekCendana
#UntukIndonesia
#Capres2024
#Pilpres2024
#Pemilu2024
#PemiluSerentak2024 https://t.co/VvJGhywY98",2023-05-31 08:22:58,
1663823362110685185,"#PemiluSantun
#AniesBaswedan
#AniesGagal
#JanjiManisAnies
#PolitikIdentitas
#KoalisiPerubahan
#AniesAntekCendana
#UntukIndonesia
#Capres2024
#Pilpres2024
#Pemilu2024
#PemiluSerentak2024 https://t.co/Ywxt0LiTDa",2023-05-31 08:22:56,
1663823283794644993,"Pemerintah dan KPU tidak ikut campur dan memberikan penuh kewenangan pada MK dalam putusan terkait Sistem Proporsional Pemilu 2024  

#PemiluSerentak2024 #Pemilu2024SesuaiTahapan
#TolakPenundaanPemilu #AntiPolitikIdentitas #TolakPolitikMasjid #Pancasila #Pemilu2024 #Pilpres2024 https://t.co/5tYPpyKdbl",2023-05-31 08:22:37,
1663823182078578688,"#PemiluSantun
#AniesBaswedan
#AniesGagal
#JanjiManisAnies
#PolitikIdentitas
#KoalisiPerubahan
#AniesAntekCendana
#UntukIndonesia
#Capres2024
#Pilpres2024
#Pemilu2024
#PemiluSerentak2024 https://t.co/OvPJ2FqjrN",2023-05-31 08:22:13,
1663823163241959424,"#PemiluSantun
#AniesBaswedan
#AniesGagal
#JanjiManisAnies
#PolitikIdentitas
#KoalisiPerubahan
#AniesAntekCendana
#UntukIndonesia
#Capres2024
#Pilpres2024
#Pemilu2024
#PemiluSerentak2024 https://t.co/3lINjZXjfc",2023-05-31 08:22:09,
1663823141771317250,"#PemiluSantun
#AniesBaswedan
#AniesGagal
#JanjiManisAnies
#PolitikIdentitas
#KoalisiPerubahan
#AniesAntekCendana
#UntukIndonesia
#Capres2024
#Pilpres2024
#Pemilu2024
#PemiluSerentak2024 https://t.co/fvZpd2atus",2023-05-31 08:22:03,
1663823120040611845,"#PemiluSantun
#AniesBaswedan
#AniesGagal
#JanjiManisAnies
#PolitikIdentitas
#KoalisiPerubahan
#AniesAntekCendana
#UntukIndonesia
#Capres2024
#Pilpres2024
#Pemilu2024
#PemiluSerentak2024 https://t.co/ELg5LyMgiV",2023-05-31 08:21:58,
1663823099303960576,"#PemiluSantun
#AniesBaswedan
#AniesGagal
#JanjiManisAnies
#PolitikIdentitas
#KoalisiPerubahan
#AniesAntekCendana
#UntukIndonesia
#Capres2024
#Pilpres2024
#Pemilu2024
#PemiluSerentak2024 https://t.co/0Z1pe0UVLD",2023-05-31 08:21:53,
1663822868759842818,"#PemiluSantun
#AniesBaswedan
#AniesGagal
#JanjiManisAnies
#PolitikIdentitas
#KoalisiPerubahan
#AniesAntekCendana
#UntukIndonesia
#Capres2024
#Pilpres2024
#Pemilu2024
#PemiluSerentak2024 https://t.co/ryWMomS94v",2023-05-31 08:20:58,
1663822768008495105,"#PemiluSantun
#AniesBaswedan
#AniesGagal
#JanjiManisAnies
#PolitikIdentitas
#KoalisiPerubahan
#AniesAntekCendana
#UntukIndonesia
#Capres2024
#Pilpres2024
#Pemilu2024
#PemiluSerentak2024 https://t.co/eAwtNPvb1V",2023-05-31 08:20:34,
1663821842061357056,"Anggota #Komisi3 DPR RI Taufik Basari mendorong Polri untuk mengusut dugaan adanya aliran narkoba untuk biaya #Pemilu2024.
Dugaan tersebut harus jelas untuk menjaga situasi kondusif di tahun politik. https://t.co/5CMQ8EeZ0Z",2023-05-31 08:16:54,
1663821424560308226,"Repost dari @partaiperindo

Bacaleg DPRD DKI Jakarta Partai Perindo, Diska Resha Putra bersilaturahmi dengan warga lewat turnamen Bulu Tangkis.

#PerindoUpdate #PartaiPerindo #Perindo #PerindoS16AP #PartaiPersatuanIndonesia #UntukIndonesiaSejahtera #Pemilu2024 #Pileg2024 https://t.co/7le9Yn50Uj",2023-05-31 08:15:14,
1663821092224634880,"Repost dari @partaiperindo

Bacaleg DPRD DKI Jakarta Partai Perindo, Diska Resha Putra bersilaturahmi dengan warga lewat turnamen Bulu Tangkis.

#PerindoUpdate #PartaiPerindo #Perindo #PerindoS16AP #PartaiPersatuanIndonesia #UntukIndonesiaSejahtera #Pemilu2024 #Pileg2024 https://t.co/M6WX4fV2dG",2023-05-31 08:13:55,
1663820611792310275,"Repost dari @partaiperindo

Bacaleg DPRD DKI Jakarta Partai Perindo, Diska Resha Putra bersilaturahmi dengan warga lewat turnamen Bulu Tangkis.

#PerindoUpdate #PartaiPerindo #Perindo #PerindoS16AP #PartaiPersatuanIndonesia #UntukIndonesiaSejahtera #Pemilu2024 #Pileg2024 https://t.co/vHbjcUm4Un",2023-05-31 08:12:00,
1663820286922309633,"KSP tegaskan pemerintah tak akan ikut campur soal putusan sistem pemilu
#PemiluSerentak2024
#Pemilu2024SesuaiTahapan
#TolakPenundaanPemilu
#AntiPolitikIdentitas
#TolakPolitikMasjid
#Pancasila
#Pemilu2024
#Pilpres2024
#Capres2024
#KPU
#Bawaslu
#IndonesiaMaju https://t.co/w5jXZj86H6",2023-05-31 08:10:43,
1663820250142617600,"KSP sebut pemerintah tak akan campuri putusan mk soal pemilu
#PemiluSerentak2024
#Pemilu2024SesuaiTahapan
#TolakPenundaanPemilu
#AntiPolitikIdentitas
#TolakPolitikMasjid
#Pancasila
#Pemilu2024
#Pilpres2024
#Capres2024
#KPU
#Bawaslu
#IndonesiaMaju https://t.co/f5n751qLEo",2023-05-31 08:10:34,
1663820211718373376,"KPU Optimistis MA tolak kasasi Prima soal penundaan Pemilu
#PemiluSerentak2024
#Pemilu2024SesuaiTahapan
#TolakPenundaanPemilu
#AntiPolitikIdentitas
#TolakPolitikMasjid
#Pancasila
#Pemilu2024
#Pilpres2024
#Capres2024
#KPU
#Bawaslu
#IndonesiaMaju https://t.co/KtlmfhxDQE",2023-05-31 08:10:25,
1663820074942345216,"Repost dari @partaiperindo

Bacaleg DPRD DKI Jakarta Partai Perindo, Diska Resha Putra bersilaturahmi dengan warga lewat turnamen Bulu Tangkis.

#PerindoUpdate #PartaiPerindo #Perindo #PerindoS16AP #PartaiPersatuanIndonesia #UntukIndonesiaSejahtera #Pemilu2024 #Pileg2024 https://t.co/ADvPC8UpPo",2023-05-31 08:09:52,
1663820028322648064,"Pemerintah dan KPU tidak ikut campur dan memberikan penuh kewenangan pada MK dalam putusan terkait Sistem Proporsional Pemilu 2024  

#PemiluSerentak2024
#Pemilu2024SesuaiTahapan
#TolakPenundaanPemilu
#AntiPolitikIdentitas
#TolakPolitikMasjid
#Pancasila
#Pemilu2024
#Pilpres2024 https://t.co/ZIXR83Ci3d",2023-05-31 08:09:41,
1663819595688599552,"Hi #TemanPemilih, PPK Magetan menggelar bimbingan teknis persiapan rapat pleno DPSHP akhir PPS Se-Kecamatan Magetan Pemilu 2024. Rapat digelar di Aula Kecamatan Magetan Mpu Guno, dihadiri PPS Se-Kecamatan Magetan.

#KPUMelayani
#Pemilu2024 https://t.co/nWL4WJkqV0",2023-05-31 08:07:58,
1663819572494073856,"Pemerintah dan KPU tidak ikut campur dan memberikan penuh kewenangan pada MK dalam putusan terkait Sistem Proporsional Pemilu 2024  
#PemiluSerentak2024
#Pemilu2024SesuaiTahapan
#TolakPenundaanPemilu
#AntiPolitikIdentitas
#TolakPolitikMasjid
#Pancasila
#Pemilu2024
#Pilpres2024 https://t.co/TNdnzLxGKS",2023-05-31 08:07:53,
1663819296601149441,"Pemerintah dan KPU tidak ikut campur dan memberikan penuh kewenangan pada MK 
#PemiluSerentak2024
#Pemilu2024SesuaiTahapan
#TolakPenundaanPemilu
#AntiPolitikIdentitas
#TolakPolitikMasjid
#Pancasila
#Pemilu2024
#Pilpres2024
#Capres2024
#KPU
#Bawaslu
#IndonesiaMaju https://t.co/2nZHwZsi3I",2023-05-31 08:06:47,"Place(id='7b6d4729251ea40b', fullName='East Nusa Tenggara, Indonesia', name='East Nusa Tenggara', type='admin', country='Indonesia', countryCode='ID')"
1663818761554763778,"Pemerintah dan KPU tidak ikut campur dan memberikan penuh kewenangan pada MK dalam putusan terkait Sistem Proporsional Pemilu 2024  

#PemiluSerentak2024
#Pemilu2024SesuaiTahapan
#TolakPenundaanPemilu
#AntiPolitikIdentitas
#TolakPolitikMasjid
#Pancasila
#Pemilu2024 https://t.co/fOgyRnFwS2",2023-05-31 08:04:39,
1663818561822011393,KPU Pasaman Barat rangkul Gen Z gaet Pemilih Pemula! #PemiluSerentak2024 #Pemilu2024SesuaiTahapan #TolakPenundaanPemilu #AntiPolitikIdentitas #TolakPolitikMasjid #Pancasila #Pemilu2024 #Pilpres2024 #Capres2024 #KPU #Bawaslu #IndonesiaMaju https://t.co/VlF1F1xshJ,2023-05-31 08:03:52,
1663818236339814405,"KPU Optimistis MA Tolak Kasasi Prima soal Penundaan Pemilu! #PemiluSerentak2024
#Pemilu2024SesuaiTahapan
#TolakPenundaanPemilu
#AntiPolitikIdentitas
#TolakPolitikMasjid
#Pancasila
#Pemilu2024
#Pilpres2024
#Capres2024
#KPU
#Bawaslu
#IndonesiaMaju https://t.co/oOUxu7Y2xN",2023-05-31 08:02:34,
1663818069448495105,TAKE TWO IS COMING Innovation For Happiness #TetapPuan #MbakPuan #PuanMaharani #Pilpres2024 #Pemilu2024 #PDIPerjuangan #PuanSiapMenangkanPDIP,2023-05-31 08:01:54,
1663817935536914432,#TetapPuan #MbakPuan #PuanMaharani #Pilpres2024 #Pemilu2024 #PDIPerjuangan #PuanSiapMenangkanPDIP TAKE TWO IS COMING,2023-05-31 08:01:22,
1663817850916859905,#TetapPuan #MbakPuan #PuanMaharani #Pilpres2024 #Pemilu2024 #PDIPerjuangan #PuanSiapMenangkanPDIP #JogetShopeeMaszeh #2023BTSFESTA,2023-05-31 08:01:02,
1663817747644710912,#TetapPuan #MbakPuan #PuanMaharani #Pilpres2024 #Pemilu2024 #PDIPerjuangan #PuanSiapMenangkanPDIP Danamon QRIS D-Bank PRO,2023-05-31 08:00:37,
1663817665285324800,Innovation For Happiness #CITOLabKlinik #BRIPalingBola #TetapPuan #MbakPuan #PuanMaharani #Pilpres2024 #Pemilu2024 #PDIPerjuangan #PuanSiapMenangkanPDIP,2023-05-31 08:00:18,
1663817264423124993,"Terkait isu Aliran Dana Narkoba untuk Pemilu,
Anggota Komisi III DPR RI Taufik Basari mendorong Polri usut dugaan aliran dana narkoba terkait dengan Pemilihan Umum (Pemilu) 2024. Menurutnya, dugaan tersebut harus ditelusuri.

#Komisi3
#Pemilu2024
Cawe https://t.co/e5PJtlS8PT",2023-05-31 07:58:42,
1663817077290057728,#PerindoUpdate #PartaiPerindo #Perindo #PerindoS16AP #PartaiPersatuanIndonesia #UntukIndonesiaSejahtera #Pemilu2024 #Pileg2024 #Pilkada2024 #Pilpres2024 #PerindoMenujuSenayan #PartaiInklusif #PartaiModern #PartaiPeduliRakyatKecil #BacalegPartaiPerindo,2023-05-31 07:57:58,
1663816545922060289,"Pemerintah dan KPU memberikan penuh kewenangan pada MK dalam putusan Sistem Proporsional Pemilu 2024  
#PemiluSerentak2024
#Pemilu2024SesuaiTahapan
#TolakPenundaanPemilu
#AntiPolitikIdentitas
#TolakPolitikMasjid
#Pancasila
#Pemilu2024
#Pilpres2024
#Capres2024
#KPU
#Bawaslu https://t.co/ZoXoDXd5Y9",2023-05-31 07:55:51,
1663816141280804866,"Pemerintah dan KPU memberikan penuh kewenangan pada MK dalam putusan Sistem Proporsional Pemilu 2024  
#PemiluSerentak2024
#Pemilu2024SesuaiTahapan
#TolakPenundaanPemilu
#AntiPolitikIdentitas
#TolakPolitikMasjid
#Pancasila
#Pemilu2024
#Pilpres2024
#Capres2024
#KPU
#Bawaslu https://t.co/LUqMxUjy0m",2023-05-31 07:54:14,
1663815247805972484,"Pemerintah dan KPU tidak ikut campur dan memberikan penuh . 
#PemiluSerentak2024
#Pemilu2024SesuaiTahapan
#TolakPenundaanPemilu
#AntiPolitikIdentitas
#TolakPolitikMasjid
#Pancasila
#Pemilu2024
#Pilpres2024
#Capres2024
#KPU
#Bawaslu
#IndonesiaMaju https://t.co/L8QUg0RM4m",2023-05-31 07:50:41,
1663815107468742657,#AirlanggaHartarto #GolkarIndonesia #Capres2024 #Pemilu2024 #Trending https://t.co/fIViUwswhQ,2023-05-31 07:50:08,
1663814544752517120,"""Taufik Basari menganggap pentingnya pemanggilan Kapolri dalam mengungkap kebenaran aliran dana narkoba terkait Pemilihan Umum 2024. Harapannya, aparat penegak hukum tetap fokus pada penyelidikan demi kejelasan dan menjaga integritas pemilu. #Komisi3 #Pemilu2024"" https://t.co/hgyo5gRKNo",2023-05-31 07:47:54,
1663814430621335557,"KSP sebut pemerintah tak akan campurI MK soal Pemilu

#PemiluSerentak2024
#Pemilu2024SesuaiTahapan
#TolakPenundaanPemilu
#AntiPolitikIdentitas
#TolakPolitikMasjid
#Pancasila
#Pemilu2024
#Pilpres2024
#Capres2024
#KPU
#Bawaslu
#IndonesiaMaju https://t.co/GBpcYSIJ1G",2023-05-31 07:47:27,
1663814371217412096,"KSP sebut pemerintah tak akan campurI MK soal Pemilu

#PemiluSerentak2024
#Pemilu2024SesuaiTahapan
#TolakPenundaanPemilu
#AntiPolitikIdentitas
#TolakPolitikMasjid
#Pancasila
#Pemilu2024
#Pilpres2024
#Capres2024
#KPU
#Bawaslu
#IndonesiaMaju https://t.co/uY5U2IxLw5",2023-05-31 07:47:12,
1663814194523963392,"Pemerintah dan KPU tidak ikut campur dan memberikan penuh kewenangan pada MK dalam putusan terkait Sistem Proporsional Pemilu 2024  
#PemiluSerentak2024
#Pemilu2024SesuaiTahapan
#TolakPenundaanPemilu
#AntiPolitikIdentitas
#TolakPolitikMasjid
#Pancasila
#Pemilu2024 https://t.co/OpVgcnyeSh",2023-05-31 07:46:30,
1663813595313106949,"Pemerintah dan KPU Pastikan Tidak Terlibat Putusan MK Terkait Sistem Pemilu 2024

#PemiluSerentak2024
#Pemilu2024SesuaiTahapan
#TolakPenundaanPemilu
#AntiPolitikIdentitas https://t.co/EC4fb6OxFw",2023-05-31 07:44:07,
1663812395729559553,"kewenangan pada MK dalam putusan terkait Sistem Proporsional Pemilu 2024.#PemiluSerentak2024
#Pemilu2024SesuaiTahapan
#TolakPenundaanPemilu
#AntiPolitikIdentitas
#TolakPolitikMasjid
#Pancasila
#Pemilu2024
#Pilpres2024
#Capres2024
#KPU
#Bawaslu
#IndonesiaMaju https://t.co/AApG1szIQZ",2023-05-31 07:39:21,
1663812359109091329,"Pemerintah dan KPU tidak ikut campur dan memberikan penuh . 
#PemiluSerentak2024
#Pemilu2024SesuaiTahapan
#TolakPenundaanPemilu
#AntiPolitikIdentitas
#TolakPolitikMasjid
#Pancasila
#Pemilu2024
#Pilpres2024
#Capres2024
#KPU
#Bawaslu
#IndonesiaMaju https://t.co/fFIG3yhZSd",2023-05-31 07:39:13,
1663811878269906944,"Pemilu sebentar lagi, kita harus mendukung penuh #PemiluSerentak2024 #Pemilu2024SesuaiTahapan #TolakPenundaanPemilu #AntiPolitikIdentitas #TolakPolitikMasjid #Pancasila #Pemilu2024 #Pilpres2024 #Capres2024 #KPU #Bawaslu #IndonesiaMaju https://t.co/WLr5qzaS81",2023-05-31 07:37:18,
1663811857482936321,"rencana pemanggilan Kapolri perlu dilakukan guna menanyakan kebenaran aliran dana tersebut dan tindakan aparat hukum.

#Pemilu2024 https://t.co/TFRR5P7sm4",2023-05-31 07:37:13,
1663811121533562880,"Pemerintah dan KPU tidak ikut campur dan memberikan penuh kewenangan pada MK dalam putusan terkait Sistem Proporsional Pemilu 2024  
#PemiluSerentak2024
#Pemilu2024SesuaiTahapan
#TolakPenundaanPemilu
#AntiPolitikIdentitas
#TolakPolitikMasjid
#Pancasila
#Pemilu2024
#Pilpres2024 https://t.co/GnkE1B6KLo",2023-05-31 07:34:18,
1663811089648467968,"KPU sebut peserta Pemilu 2024 hanya boleh maksimal 20 akun medsos
#PemiluSerentak2024
#Pemilu2024SesuaiTahapan
#TolakPenundaanPemilu
#AntiPolitikIdentitas
#TolakPolitikMasjid
#Pancasila
#Pemilu2024
#Pilpres2024
#Capres2024
#KPU
#Bawaslu
#IndonesiaMaju https://t.co/83PVUHAaf5",2023-05-31 07:34:10,
1663810922799058944,"KPU Pasaman Barat rangkuman gen Z gaet pemilih pemula.
#PemiluSerentak2024
#Pemilu2024SesuaiTahapan
#TolakPenundaanPemilu
#AntiPolitikIdentitas
#TolakPolitikMasjid
#Pancasila
#Pemilu2024
#Pilpres2024
#Capres2024
#KPU
#Bawaslu
#IndonesiaMaju https://t.co/2wC3esLxTy",2023-05-31 07:33:30,
1663810757254066176,"KPU optimistis MA tolak Kasasi Prima soal penundaan Pemilu
#PemiluSerentak2024
#Pemilu2024SesuaiTahapan
#TolakPenundaanPemilu
#AntiPolitikIdentitas
#TolakPolitikMasjid
#Pancasila
#Pemilu2024
#Pilpres2024
#Capres2024
#KPU
#Bawaslu
#IndonesiaMaju https://t.co/HnL9P0ZMHG",2023-05-31 07:32:51,
1663810612185665536,"KSP sebut pemerintah tak akan campuri putusan MK soal Pemilu
#PemiluSerentak2024
#Pemilu2024SesuaiTahapan
#TolakPenundaanPemilu
#AntiPolitikIdentitas
#TolakPolitikMasjid
#Pancasila
#Pemilu2024
#Pilpres2024
#Capres2024
#KPU
#Bawaslu
#IndonesiaMaju https://t.co/6YHinXU0Y5",2023-05-31 07:32:16,
1663810481310793728,"KSP tegaskan pemerintah tak ikut campur soal putusan Sistem Pemilu 
#PemiluSerentak2024
#Pemilu2024SesuaiTahapan
#TolakPenundaanPemilu
#AntiPolitikIdentitas
#TolakPolitikMasjid
#Pancasila
#Pemilu2024
#Pilpres2024
#Capres2024
#KPU
#Bawaslu
#IndonesiaMaju https://t.co/eZc82rVJX5",2023-05-31 07:31:45,
1663809332792946689,"Pemerintah dan KPU memberikan penuh kewenangan pada MK dalam Pemilu 2024
#PemiluSerentak2024
#Pemilu2024SesuaiTahapan
#TolakPenundaanPemilu
#AntiPolitikIdentitas
#TolakPolitikMasjid
#Pancasila
#Pemilu2024
#Pilpres2024
#Capres2024
#KPU
#Bawaslu
#IndonesiaMaju https://t.co/L9bSumHwz8",2023-05-31 07:27:11,
1663808729740103680,"Pemerintah dan KPU tidak ikut campur dan memberikan penuh kewenangan pada MK dalam putusan terkait Sistem Proporsional Pemilu 2024  
#PemiluSerentak2024
#Pemilu2024SesuaiTahapan
#TolakPenundaanPemilu
#AntiPolitikIdentitas
#TolakPolitikMasjid
#Pancasila
#Pemilu2024
#Pilpres2024 https://t.co/GSTslULRXO",2023-05-31 07:24:47,
1663808510671585280,"Pemerintah dan KPU tidak ikut campur dan memberikan penuh kewenangan pada MK dalam putusan terkait Sistem Proporsional Pemilu 2024  
#PemiluSerentak2024
#Pemilu2024SesuaiTahapan
#TolakPenundaanPemilu
#AntiPolitikIdentitas
#TolakPolitikMasjid
#Pancasila
#Pemilu2024
#Pilpres2024 https://t.co/NjGnrkd5oi",2023-05-31 07:23:55,
1663808473489092615,"Pemerintah dan KPU tidak ikut campur dan memberikan penuh kewenangan pada MK dalam putusan terkait Sistem Proporsional Pemilu 2024  
#PemiluSerentak2024
#Pemilu2024SesuaiTahapan
#TolakPenundaanPemilu
#AntiPolitikIdentitas
#TolakPolitikMasjid
#Pancasila
#Pemilu2024
#Pilpres2024 https://t.co/xgOg4iwHdK",2023-05-31 07:23:46,
1663808439695593473,"Pemerintah dan KPU tidak ikut campur dan memberikan penuh kewenangan pada MK dalam putusan terkait Sistem Proporsional Pemilu 2024  
#PemiluSerentak2024
#Pemilu2024SesuaiTahapan
#TolakPenundaanPemilu
#AntiPolitikIdentitas
#TolakPolitikMasjid
#Pancasila
#Pemilu2024
#Pilpres2024 https://t.co/Fap9Fih5tj",2023-05-31 07:23:38,
1663808418103316482,"Pemerintah dan KPU tidak ikut campur dan memberikan penuh kewenangan pada MK dalam putusan terkait Sistem Proporsional Pemilu 2024  
#PemiluSerentak2024
#Pemilu2024SesuaiTahapan
#TolakPenundaanPemilu
#AntiPolitikIdentitas
#TolakPolitikMasjid
#Pancasila
#Pemilu2024
#Pilpres2024 https://t.co/F9ywKnhmai",2023-05-31 07:23:33,
1663808396636860416,"Pemerintah dan KPU tidak ikut campur dan memberikan penuh kewenangan pada MK dalam putusan terkait Sistem Proporsional Pemilu 2024  
#PemiluSerentak2024
#Pemilu2024SesuaiTahapan
#TolakPenundaanPemilu
#AntiPolitikIdentitas
#TolakPolitikMasjid
#Pancasila
#Pemilu2024
#Pilpres2024 https://t.co/vFaEVkQOJ0",2023-05-31 07:23:28,
1663808148170477569,"Pemerintah dan KPU tidak ikut campur dan memberikan penuh kewenangan pada MK dalam putusan terkait Sistem Proporsional Pemilu 2024  
#PemiluSerentak2024
#Pemilu2024SesuaiTahapan
#TolakPenundaanPemilu
#AntiPolitikIdentitas
#TolakPolitikMasjid
#Pancasila
#Pemilu2024
#Pilpres2024 https://t.co/K56njglMQ5",2023-05-31 07:22:29,
1663808130902544385,"Pemerintah dan KPU tidak ikut campur dan memberikan penuh kewenangan pada MK dalam putusan terkait Sistem Proporsional Pemilu 2024  
#PemiluSerentak2024
#Pemilu2024SesuaiTahapan
#TolakPenundaanPemilu
#AntiPolitikIdentitas
#TolakPolitikMasjid
#Pancasila
#Pemilu2024
#Pilpres2024 https://t.co/y8U5uHWhPs",2023-05-31 07:22:25,
1663808116000178176,"Pemerintah dan KPU tidak ikut campur dan memberikan penuh kewenangan pada MK dalam putusan terkait Sistem Proporsional Pemilu 2024  
#PemiluSerentak2024
#Pemilu2024SesuaiTahapan
#TolakPenundaanPemilu
#AntiPolitikIdentitas
#TolakPolitikMasjid
#Pancasila
#Pemilu2024
#Pilpres2024 https://t.co/8IBgo36ek4",2023-05-31 07:22:21,
1663808094495993857,"Pemerintah dan KPU tidak ikut campur dan memberikan penuh kewenangan pada MK dalam putusan terkait Sistem Proporsional Pemilu 2024  
#PemiluSerentak2024
#Pemilu2024SesuaiTahapan
#TolakPenundaanPemilu
#AntiPolitikIdentitas
#TolakPolitikMasjid
#Pancasila
#Pemilu2024
#Pilpres2024 https://t.co/aGtG5Q6V41",2023-05-31 07:22:16,
1663808072815611904,"Pemerintah dan KPU tidak ikut campur dan memberikan penuh kewenangan pada MK dalam putusan terkait Sistem Proporsional Pemilu 2024  
#PemiluSerentak2024
#Pemilu2024SesuaiTahapan
#TolakPenundaanPemilu
#AntiPolitikIdentitas
#TolakPolitikMasjid
#Pancasila
#Pemilu2024
#Pilpres2024 https://t.co/y5XnJf1ROx",2023-05-31 07:22:11,
1663808055426035712,"Pemerintah dan KPU tidak ikut campur dan memberikan penuh kewenangan pada MK dalam putusan terkait Sistem Proporsional Pemilu 2024  
#PemiluSerentak2024
#Pemilu2024SesuaiTahapan
#TolakPenundaanPemilu
#AntiPolitikIdentitas
#TolakPolitikMasjid
#Pancasila
#Pemilu2024
#Pilpres2024 https://t.co/sYLsvCf6Uh",2023-05-31 07:22:07,
1663807969144999938,"aturan untuk ciptakan situasi yang aman, sukseskan pemilu 2024, #PemiluSerentak2024
#Pemilu2024SesuaiTahapan
#TolakPenundaanPemilu
#AntiPolitikIdentitas
#TolakPolitikMasjid
#Pancasila
#Pemilu2024
#Pilpres2024
#Capres2024
#KPU
#Bawaslu
#IndonesiaMaju https://t.co/7wCJ3b9p3y",2023-05-31 07:21:46,
1663807962908098560,"Pemerintah dan KPU tidak ikut campur dan memberikan penuh kewenangan pada MK dalam putusan terkait Sistem Proporsional Pemilu 2024  

#PemiluSerentak2024 #Pemilu2024SesuaiTahapan
#TolakPenundaanPemilu #AntiPolitikIdentitas #TolakPolitikMasjid #Pancasila #Pemilu2024 #Pilpres2024 https://t.co/OSPOE1EgEv",2023-05-31 07:21:45,
1663807934277775360,"Pemerintah dan KPU tidak ikut campur dan memberikan penuh kewenangan pada MK dalam putusan terkait Sistem Proporsional Pemilu 2024  

#PemiluSerentak2024 #Pemilu2024SesuaiTahapan
#TolakPenundaanPemilu #AntiPolitikIdentitas #TolakPolitikMasjid #Pancasila #Pemilu2024 #Pilpres2024 https://t.co/32ojrFwzVI",2023-05-31 07:21:38,
1663807892414398464,"#SobatJDIH , Berikut susunan koordinator wilayah Anggota KPU Provinsi Jambi Periode 2023-2028.

#jdihkpuprovinsijambi
#sobatjdihkpuprovinsijambi
#kpuprovinsijambi
#jdihn
#jdihnasional
#pemilu2024
#pemilihanserentak2024
#dokumenhukumkpu https://t.co/z4XJyLOyfo",2023-05-31 07:21:28,
1663807889235144704,"Pemerintah dan KPU tidak ikut campur dan memberikan penuh kewenangan pada MK dalam putusan terkait Sistem Proporsional Pemilu 2024  

#PemiluSerentak2024 #Pemilu2024SesuaiTahapan
#TolakPenundaanPemilu #AntiPolitikIdentitas #TolakPolitikMasjid #Pancasila #Pemilu2024 #Pilpres2024 https://t.co/jb0PdC6w2F",2023-05-31 07:21:27,
1663807754497327105,"Maksimalkan! #PemiluSerentak2024
#Pemilu2024SesuaiTahapan
#TolakPenundaanPemilu
#AntiPolitikIdentitas
#TolakPolitikMasjid
#Pancasila
#Pemilu2024
#Pilpres2024
#Capres2024
#KPU
#Bawaslu
#IndonesiaMaju https://t.co/bPBV4S63Bu",2023-05-31 07:20:55,"Place(id='ae35a86a0e01499b', fullName='Jaya Baru, Indonesia', name='Jaya Baru', type='city', country='Indonesia', countryCode='ID')"
1663807550566068224,Sehingga sinergi dapat terbentuk untuk mengawal penyelenggaraan Pemilu 2024. #tidakadapenundaanpemilu #Pemilu2024Coblos #tolakgolput 2 https://t.co/qAUAAmlSzj,2023-05-31 07:20:06,
1663807544987643909,Sehingga sinergi dapat terbentuk untuk mengawal penyelenggaraan Pemilu 2024. #tidakadapenundaanpemilu #Pemilu2024Coblos #tolakgolput https://t.co/acjvzypErY,2023-05-31 07:20:05,
1663806363288600576,"KPU pasaman barat rangkul gen z gaet pemilih pemula. 
#PemiluSerentak2024
#Pemilu2024SesuaiTahapan
#TolakPenundaanPemilu
#AntiPolitikIdentitas
#TolakPolitikMasjid
#Pancasila
#Pemilu2024
#Pilpres2024
#Capres2024
#KPU
#Bawaslu
#IndonesiaMaju https://t.co/1duABiRww6",2023-05-31 07:15:23,
1663806337938247692,"kewenangan pada MK dalam putusan terkait Sistem Proporsional Pemilu 2024.#PemiluSerentak2024
#Pemilu2024SesuaiTahapan
#TolakPenundaanPemilu
#AntiPolitikIdentitas
#TolakPolitikMasjid
#Pancasila
#Pemilu2024
#Pilpres2024
#Capres2024
#KPU
#Bawaslu
#IndonesiaMaju https://t.co/5uG6yU1QEf",2023-05-31 07:15:17,
1663806125580644354,"PEMERINTAH TAK IKUT CAMPUR DALAM PENGATURAN PELAKSANAAN PEMILU
#PemiluSerentak2024
#Pemilu2024SesuaiTahapan
#TolakPenundaanPemilu
#AntiPolitikIdentitas
#TolakPolitikMasjid
#Pancasila
#Pemilu2024
#Pilpres2024
#Capres2024
#KPU
#Bawaslu
#IndonesiaMaju https://t.co/JMsxXw6pfS",2023-05-31 07:14:27,
1663806086120624128,"KSP sebut pemerintah tak akan campuri putusan MK soal Pemilu
#PemiluSerentak2024
#Pemilu2024SesuaiTahapan
#TolakPenundaanPemilu
#AntiPolitikIdentitas
#TolakPolitikMasjid
#Pancasila
#Pemilu2024
#Pilpres2024
#Capres2024
#KPU
#Bawaslu
#IndonesiaMaju https://t.co/lUCCBASe2Q",2023-05-31 07:14:17,
1663805995381030912,"KPU PASAMAN BARAT RANGKUL GEN Z GAET PEMILIH PEMULA
#PemiluSerentak2024
#Pemilu2024SesuaiTahapan
#TolakPenundaanPemilu
#AntiPolitikIdentitas
#TolakPolitikMasjid
#Pancasila
#Pemilu2024
#Pilpres2024
#Capres2024
#KPU
#Bawaslu
#IndonesiaMaju https://t.co/Ww5AVDoQJr",2023-05-31 07:13:55,
1663805910693875712,"KPU optimistis MA tolak kasus Prima soal penundaan Pemilu
#PemiluSerentak2024
#Pemilu2024SesuaiTahapan
#TolakPenundaanPemilu
#AntiPolitikIdentitas
#TolakPolitikMasjid
#Pancasila
#Pemilu2024
#Pilpres2024
#Capres2024
#KPU
#Bawaslu
#IndonesiaMaju https://t.co/LS5xUNMVyP",2023-05-31 07:13:35,
1663805861469487104,"Pemerintah dan KPU tidak ikut campur dan memberikan penuh. 
#PemiluSerentak2024
#Pemilu2024SesuaiTahapan
#TolakPenundaanPemilu
#AntiPolitikIdentitas
#TolakPolitikMasjid
#Pancasila
#Pemilu2024
#Pilpres2024
#Capres2024
#KPU
#Bawaslu
#IndonesiaMaju https://t.co/2VyP55Z6xO",2023-05-31 07:13:24,
1663805391422083073,"Pemerintah dan KPU tidak ikut campur dan memberikan penuh kewenangan pada MK dalam putusan terkait Sistem Proporsional Pemilu 2024.
#PemiluSerentak2024
#Pemilu2024SesuaiTahapan
#TolakPenundaanPemilu
#AntiPolitikIdentitas
#TolakPolitikMasjid
#Pancasila
#Pemilu2024
#Pilpres2024 https://t.co/8xNXEwEN8Q",2023-05-31 07:11:31,
1663805298010628098,"Pemerintah dan KPU tidak ikut campur dan memberikan penuh kewenangan pada MK dalam putusan terkait Sistem Proporsional Pemilu 2024  
#PemiluSerentak2024
#Pemilu2024SesuaiTahapan
#TolakPenundaanPemilu
#AntiPolitikIdentitas
#TolakPolitikMasjid
#Pancasila
#Pemilu2024
#Pilpres2024 https://t.co/JHZo4jeOIl",2023-05-31 07:11:09,
1663805258311819265,"Pemerintah dan KPU tidak ikut campur dan memberikan penuh kewenangan pada MK dalam putusan terkait Sistem Proporsional Pemilu 2024  
#PemiluSerentak2024
#Pemilu2024SesuaiTahapan
#TolakPenundaanPemilu
#AntiPolitikIdentitas
#TolakPolitikMasjid
#Pancasila
#Pemilu2024
#Pilpres2024 https://t.co/tZikxm2cUD",2023-05-31 07:11:00,
1663805236455292929,"Pemerintah dan KPU tidak ikut campur dan memberikan penuh kewenangan pada MK dalam putusan terkait Sistem Proporsional Pemilu 2024  
#PemiluSerentak2024
#Pemilu2024SesuaiTahapan
#TolakPenundaanPemilu
#AntiPolitikIdentitas
#TolakPolitikMasjid
#Pancasila
#Pemilu2024
#Pilpres2024 https://t.co/kLc2ezHIaq",2023-05-31 07:10:55,
1663805203014107137,"Pemerintah dan KPU tidak ikut campur dan memberikan penuh kewenangan pada MK dalam putusan terkait Sistem Proporsional Pemilu 2024  
#PemiluSerentak2024
#Pemilu2024SesuaiTahapan
#TolakPenundaanPemilu
#AntiPolitikIdentitas
#TolakPolitikMasjid
#Pancasila
#Pemilu2024
#Pilpres2024 https://t.co/dm8mWsJBzH",2023-05-31 07:10:47,
1663805172097884160,"Pemerintah dan KPU tidak ikut campur dan memberikan penuh kewenangan pada MK dalam putusan terkait Sistem Proporsional Pemilu 2024  
#PemiluSerentak2024
#Pemilu2024SesuaiTahapan
#TolakPenundaanPemilu
#AntiPolitikIdentitas
#TolakPolitikMasjid
#Pancasila
#Pemilu2024
#Pilpres2024 https://t.co/LK0czfHLrK",2023-05-31 07:10:39,
1663805129072734208,"Tak Akan Campuri Urusan MK
#PemiluSerentak2024
#Pemilu2024SesuaiTahapan
#TolakPenundaanPemilu
#AntiPolitikIdentitas
#TolakPolitikMasjid
#Pancasila
#Pemilu2024
#Pilpres2024
#Capres2024
#KPU
#Bawaslu
#IndonesiaMaju https://t.co/IvY3hoAmYD",2023-05-31 07:10:29,"Place(id='413c7bba7bac61a4', fullName='Central Borneo, Indonesia', name='Central Borneo', type='admin', country='Indonesia', countryCode='ID')"
