Tweet,Tanggal,Lokasi
"#sahabatbawaslu Rabu 31 Mei 2023, Plt Koordinator Sekretariat Bawaslu Kabupaten Lingga Menyambut Silaturahmi dan koordinasi Serka Bisman Danpos Intel Lingga, Kodim Tanjungpinang di Kantor Bawaslu Kabupaten Lingga.
Ayo awasi bersama, #SahabatBawaslu. #AyoAwasiBersama #Pemilu https://t.co/9OpbDjdncw",2023-05-31 07:03:07,
Bawaslu Jawa Tengah Mengapresiasi Perisai Demokrasi Bangsa Saat Serahkan Berkas Pendaftaran Pemantau Pemilu #KEDAERAHAN #Bawaslu #JawaTengah #Pemantau #Pemilu  https://t.co/U7pMLP07xL https://t.co/UvBlPAokNX,2023-05-31 06:35:04,
"Polri Awasi Akun Bodong Medsos saat Pemilu https://t.co/pVzBn3HyHf 

#polri #medsos #pemilu #sosialmedia",2023-05-31 06:30:58,
"Airlangga Hartarto For 2024 üíØ

#airlanggahartarto #golkarindonesia #capres2024 #pilpres2024 #pemilu #pemilu2024 #muhammadiyah #viral #infojkt #jktinfo https://t.co/i2UL0FhrFR",2023-05-31 06:13:07,
"Kalo bodoh itu nurut kalo pintar itu ngajar. Jangan jadi orang udah bodoh gak mau nurut,pinter gak mau ngajar. #pemilu",2023-05-31 06:02:10,
"Berbeda pendapat itu hal wajar dan di perbolehkan dalam UU. Tapi selalu bedakan Kritik dan Umpatan Kebencian,meskipun di gabung tetap Kritik itu adalah umpatan kebencian.
Contoh: Pemerintah L*****g Da***L. #pemilu",2023-05-31 05:58:47,
"Pejabat itu enak setengah mati, anda kalau jadi pengusaha sukses gak bisa bantu orang banyak atau sekolahin orang banyak. Jadi pejabat anda bisa mensekolahkan banyak orang, membantu orang, membuat pasar murah dg subsidi, membuat semua ke rumah sakit gratis. #pemilu",2023-05-31 05:56:25,
"Kayaknya perlu deh sebelum debat capres. Ada debat Ketum Partai Politik.

@PDI_Perjuangan
@Gerindra
@DPP_PKB
@Partai_Gelora
@PKSejahtera
@PDemokrat
@EXCOPARTAIBURUH
#pemilu2024
#Parpol 
#KPU
#PemiluSerentak2024 
#pemilu 
#Presiden",2023-05-31 05:55:21,
Anggota DPR itu punya tujuan MENGAWASI semua pejabat yang memakai uang rakyat dan mempeetanggungjawabkan  kemana uang tersebut. #pemilu,2023-05-31 05:52:11,
Kerusakan terbesar demokrasi adalah ketika popularitas mengalahkan gagasan. #pemilu,2023-05-31 05:48:07,
"Denny Indrayana Bantah Bocorkan Rahasia Negara terkait Putusan MK, Pemberi Informasi Bukan Hakim MK

#DennyIndrayana #MahkamahKonstitusi #Pemilu #proporsionaltertutup #putusanMK

https://t.co/Go76eia4rh lewat @tribunkaltim",2023-05-31 04:01:26,
"Mengubah-ubah sistem pemilu, MK tidak konsisten melindungi konstitusi.

Gimana tanggapan kalian? tulis di kolom komentar ya.

#MK #pemilu https://t.co/jYescSC4tT",2023-05-31 03:29:06,
"Senin 29 Mei 2023

Jajaran penyelenggara pemilu kelurahan satreyan melaksanakan rapat rutin di sekretariat pps kelurahan satreyan.

#KPU #KPUMelayani #pemilu2024 #PemiluSerentak2024 #Pemilu2024SesuaiTahapan #pemilu https://t.co/EUfN7PhXkW",2023-05-31 03:28:56,
"Kotak Suara Karton untuk Pemilu 2024
#pemilu #pileg #pilpres 
 
https://t.co/FXVOLROmDL",2023-05-31 03:19:04,
"Thread ini didasarkan pada wawancara yang dilakukan oleh @Dinna_PR, Direktur Eksekutif @SynergyPolicies dengan @antaranews. Artikel lengkap dapat anda akses melalui link berikut https://t.co/Ousm4H7mp4

#Erdogan #Pemilu #Turki",2023-05-31 01:55:42,
"Ganjar Pranowo paling cocok dan pantas jadi Presiden!
#GanjarCapres #ganjarpranowo #jokowi #pemilu #GanjarCapres #GanjarCapresPDIP #GanjarCapres2024 #GanjarCapres #IndonesiaMaju https://t.co/VxUfu5LyJz",2023-05-31 01:55:30,
"Ganjar Pemimpin Hebat dan Visioner!
#GanjarCapres #ganjarpranowo #jokowi #pemilu #GanjarCapres #GanjarCapresPDIP #GanjarCapres2024 #GanjarCapres #IndonesiaMaju https://t.co/c0ulOuTsAS",2023-05-31 01:54:12,
#pemilu #rockygerung #pilpres #pemilu2024 #AirlanggaHartarto #golkar https://t.co/XtTTTJTP1H,2023-05-31 01:53:28,
"Ganjar Pranowo for Presiden RI 2024!
#GanjarCapres #ganjarpranowo #jokowi #pemilu #GanjarCapres #GanjarCapresPDIP #GanjarCapres2024 #GanjarCapres #IndonesiaMaju https://t.co/LleB5KbkNh",2023-05-31 01:53:16,
"Milenial Dukung Ganjar Pranowo!
#GanjarCapres #ganjarpranowo #jokowi #pemilu #GanjarCapres #GanjarCapresPDIP #GanjarCapres2024 #GanjarCapres #IndonesiaMaju https://t.co/a3apLrZJyo",2023-05-31 01:51:07,
"Berbagai dukungan terhadap Ganjar Pranowo!
#GanjarCapres #ganjarpranowo #jokowi #pemilu #GanjarCapres #GanjarCapresPDIP #GanjarCapres2024 #GanjarCapres #IndonesiaMaju https://t.co/1tp6yPqqor",2023-05-31 01:50:15,
DeSantis membuka tur kampanye kepresidenan AS https://t.co/Re25GSnycI #AmerikaSerikat #Pemilu #Berita #ASKanada #Politik,2023-05-31 00:54:54,
"""Norma konstitusi memang tidak mengatur eksplisit larangan presiden cawe-cawe soal Pilres, tapi bukan berarti presiden tiba-tiba 'amnesia' atau lupa ingatan dengan standar etika pemerintahan (government ethics)"". #CALS #Pemilu 

https://t.co/nLDtk5QVjQ",2023-05-30 23:19:46,
"Balik ke tertutup lagi = kemunduran demokrasi RT @kompascom Ada Isu MK Kembalikan Sistem Pemilu Proporsional Tertutup, Apa Perbedaannya dengan Proporsional Terbuka? #MahkamahKonstitusi #Pemilu #JernihMelihatDunia

https://t.co/ekHpBVdP9N",2023-05-30 17:16:04,
Pemilu Tertutup adalah Bukti Kemuduran Demokrasi jika diberlakukan kembali #PemiluSerentak2024 #pemilu #pemilutertutup #pemiluterbuka #airlangga #airlanggahartarto #golkar #golkarindonesia #politik #partai #gerindra #demokrat #nasdem #pdip cawe cawe lapis diabeter lapis garuda https://t.co/YbwajPYrBg,2023-05-30 17:04:06,
"Ada Isu MK Kembalikan Sistem Pemilu Proporsional Tertutup, Apa Perbedaannya dengan Proporsional Terbuka? / #MahkamahKonstitusi #Pemilu #JernihMelihatDunia https://t.co/3di8ZGckRl",2023-05-30 16:53:05,
Sistem Pemilu Proporsional Tertutup Dinilai Bakal Mengebiri Aspirasi Masyarakat #Pemilu https://t.co/nOOvZ1DaaM,2023-05-30 16:28:03,
#davelaksono #golkarindonesia #pemilu #sistempemilu https://t.co/WLduKAI5gw,2023-05-30 16:02:43,
"#temanpemilih Komisioner KPU Kota Probolinggo Divisi Teknis Penyelenggaraan Upik Raudhotul Hasanah Memimpin Rapat Koordinasi Persiapan Verifikasi Administrasi Pencalonan Bakal Calon Anggota DPRD Kota Probolinggo pada Pemilu Tahun 2024,Selasa (30/5/2023).

#kpuri #kpujatim #pemilu https://t.co/GAi1ZehQVY",2023-05-30 12:29:44,
"Pak Prabowo sistem pemilu proporsional terbuka atau tertutup? 

#prabowo #prabowosubianto #pemilu #proporsionalterbuka #proporsionaltertutup #dekade08 #mendingprabowo #terusmajubersamaprabowo https://t.co/I8FmGHbuDN",2023-05-30 11:08:37,
"Menteri Koordinator Bidang Perekonomian Airlangga Hartarto menerima pihak United States Trade of Representatives (USTR) di Amerika Serikat. 

#airlanggahartarto #golkarindonesia #menkoperekonomian #investasi #ekonomiindonesia #ekonomi #capres2024 #pilpres2024 #pemilu #pemilu2024 https://t.co/FDvI1k5TJ4",2023-05-30 09:17:41,
"Lembaga survei Populi Center merilis hasil survei terbaru terkait cara memilih di Pemilu 2024.
https://t.co/PfyZPrVcx1
#mediadigitalcpp #indotvlive #pemilu #kpu #pemilihan #caleg https://t.co/VkcBNLwis6",2023-05-30 09:03:38,
"Soal Isu Proporsional Tertutup, Deputi Staf Presiden  Pemerintah Tidak Mau Mencampuri!

https://t.co/FB6CvjA0Pq
#Isuproporsional #Pemilu #MK #deputistafpresiden #stafpresiden",2023-05-30 09:00:02,
#DennyIndrayana merilis pernyataan terkait putusan #MK soal sistem #Pemilu Legislatif https://t.co/hFHm3GhnD3 #tertutup,2023-05-30 08:51:49,
"Inilah Arti Cawe-cawe Kata yang Dipakai Jokowi Jelang Pemilu 2024, hingga Diprotes Demokrat dan PKS
 
https://t.co/c58xMxkZO0 lewat @tribunkaltim 

#Jokowi #Cawecawe #Pilpres2024 #Pemilu #Demokrat #PKS",2023-05-30 08:45:03,
"Apa Itu Pemilu Proporsional Tertutup? Rumor Bocor Putusan MK.

Pemilu Sistem Proporsional Tertutup kembali mencuat dalam perbincangan publik. Setelah Denny Indrayana, seorang tokoh hukum, mengungkapkan... --‚Ä¶ #Ragam #Pemilu #pilpres via @beritajatimcom https://t.co/ebcVvgt5Ev",2023-05-30 08:43:03,
"Presiden Jokowi menyebut dirinya tidak akan netral dalam Pemilihan Umum (Pemilu) 2024. Pasalnya, Kepala Negara bakal cawe-cawe atau terlibat langsung dalam pesta demokrasi. 

#Pemilu #Lampungpostid
https://t.co/zW8PqTO714",2023-05-30 08:17:30,
"Marijo torang dukung Ganjar Pranowo sebagai Presiden RI 2024!
#GanjarCapres #ganjarpranowo #jokowi #pemilu #GanjarCapres #GanjarCapresPDIP #GanjarCapres2024 #GanjarCapres #IndonesiaMaju https://t.co/ekcraKOzNU",2023-05-30 06:32:29,
"Komisi Pemilihan Umum atau KPU telah menetapkan 5 jenis surat suara dengan warna berbeda untuk Pemilu 2024.
https://t.co/lKXfbgWQJl
#mediadigitalcpp #indotvlive #kpu #suratsuara #pemilu #plipres https://t.co/gStYTqYWiR",2023-05-30 05:58:17,
"Pihak kepolisian segera mengambil tindakan penyelidikan terhadap rumor adanya dugaan bocornya keputusan Mahkamah¬†Konstitusi (MK) tentang sistem Pemilihan Umum (#Pemilu) tertutup yang dinyatakan oleh Denny¬†Indrayana.
https://t.co/vguFE6TggP",2023-05-30 05:36:21,
"""Saya khawatir kalau kemudian partai politik justru tidak siap mengelola putusan MK itu. Caleg pasti gontok-gontokan berebut siapa yang bisa ditempatkan di nomor urut yang paling atas"". #MK #Pemilu #ProporsionalTertutup 

https://t.co/vjpvMkRtpZ",2023-05-30 05:08:17,
"kumparan mendukung anak muda untuk jadi generasi yang kritis dalam memilih pemimpin masa depan.

Nantikan, Kamis 1 Juni 2023 hanya di kumparan.

#engagement #beranibersuara #news #pemilupedia #pemilu #pemilu2023 #kumparan https://t.co/T30tBTda3o",2023-05-30 04:32:35,
"KPU: Rekening Khusus Dana Kampanye Harus Dilaporkan  
#pemilu #rekening #kampanye

https://t.co/rvV3g4Ro14",2023-05-30 04:30:00,
"https://t.co/PAbl4k7Uu5

@dennyindrayana 
@JimlyAs 
@mohmahfudmd 

#sistempemilu
#Pemilu2024 
#Pemilu2024SesuaiTahapan 
#pemilu",2023-05-30 03:44:00,
"Mulai dari yang penggunaan frasa 'menerima informasi' yang diartikan sebagai 'pembocoran rahasia negara' hingga mengundang banyak perdebatan elit-elit pejabat.
#mahkamahkonstitusi #pemilu #pemilu2024 https://t.co/TekXtrSlzH",2023-05-30 03:22:45,
"[kuatNOTE]

No viral no justice slogan ala netijen negeri +62 yang dikit-dikit serba viral baru ditindak.

Apalagi kalo menyangkut permasalahan politik-politik negeri ini.
#kuatbaca #kuatbacacom #pemilu #politik",2023-05-30 03:22:45,
"Masyarakat Banten Siap Dukung Ganjar Jadi Presiden!
#GanjarCapres #ganjarpranowo #jokowi #pemilu #GanjarCapres #GanjarCapresPDIP #GanjarCapres2024 #GanjarCapres #IndonesiaMaju https://t.co/1shVABVv4L",2023-05-30 02:59:33,
"Masyarakat Banten Siap Dukung Ganjar Jadi Presiden!
#GanjarCapres #ganjarpranowo #jokowi #pemilu #GanjarCapres #GanjarCapresPDIP #GanjarCapres2024 #GanjarCapres #IndonesiaMaju https://t.co/lKnd7xIQcV",2023-05-30 02:59:25,
"Budayawan Banten sebut Gabjar Pranowo The Next Presiden!
#GanjarCapres #ganjarpranowo #jokowi #pemilu #GanjarCapres #GanjarCapresPDIP #GanjarCapres2024 #GanjarCapres #IndonesiaMaju https://t.co/kLeIQlrsro",2023-05-30 02:58:34,
"Soal Rumor MK Ubah Sistem Pemilu, Jimly Asshiddiqie: Denny Indrayana Pantas Disanksi......
#MK
#Pemilu 
#JimlyAsshiddiqie
#DennyIndrayana

https://t.co/yvZi14VrpX",2023-05-30 02:56:55,
"Fraksi PKS berpandangan pemerintah sudah terlalu banyak memberikan insentif pajak untuk pengembangan mobil listrik.

#PajakdanPolitik #Pemilu #Pilpres #insentifpajak #kendaraanlistrik #mobillistrik #PKS 
https://t.co/xl9YDbM0Z2",2023-05-30 02:36:58,
Lima hal penting dari pemilihan penting #Turki https://t.co/hC6qoz81oa #Berita #Pemilu #TimurTengah,2023-05-30 02:03:19,
Para perempuan berjuang di Partai Politik (Parpol) untuk memperjuangkan suara-suara perempuan. Konde menyajikan edisi khusus perempuan dan Pemilu pada 30 Mei 2023 hari ini. #Pemilu #Pemilu2024 https://t.co/C7dRVSjXET,2023-05-30 01:37:39,
"KPU Batasi Akun Medsos Peserta Pemilu untuk Kampanye, Maksimal 20 Akun 

Selengkapnya Klik Tautan Berikut ini 
#Jakarta #kpu #akunmedsos #pemilu #Pemilu2024 

https://t.co/51xelwqyxW",2023-05-30 01:35:59,
Mengapa ketegangan #Kosovo dan #Serbia terus berlanjut? https://t.co/XM8HsLifhU #Konflik #Berita #Eropa #Pemilu,2023-05-30 01:14:52,
Mengapa ketegangan #Kosovo dan #Serbia terus berlanjut? https://t.co/XM8HsLifhU #Berita #Konflik #Eropa #Pemilu,2023-05-30 01:14:47,
#Protes meletus setelah tuduhan penahanan pemimpin #Senegal https://t.co/7crrqjF1Ks #Afrika #Pemilu #Berita,2023-05-30 00:56:19,
"Topik Diskusi Pagi ini; Dugaan kebocoran putusan MK, Pemilu Sistem Proporsional Tertutup: Apa Implikasinya?. Berikut pandangan Pengamat Politik/Dosen FISIP Unsoed Purwokerto; Luthfi Makhasin,Ph.D #Now #LIVE #TOPIK #putusanMK #pemilu cc: @UnsoedOfficial",2023-05-30 00:33:41,
"Topik Diskusi Pagi ini; Dugaan kebocoran putusan MK, Pemilu Sistem Proporsional Tertutup: Apa Implikasinya?. Berikut pandangan Wakil Ketua Majelis Syura PKS; Hidayat Nur Wahid dalam Good to Great pagi ini #Now #LIVE #TOPIK #putusanMK #pemilu cc: @PKSejahtera @FPKSDPRRI @hnurwahid",2023-05-30 00:10:31,
"Woow pabrik Tesla akan ada di Indonesia nih?? 

#airlanggahartarto #golkarindonesia #capres2024 #pilpres2024 #pemilu #pemilu2024 #tesla #teslaindonesia https://t.co/LXNegTGHs8",2023-05-29 16:09:55,
"Setelah kemenangan pemilihan Turki, masalah apa yang dihadapi Erdogan selanjutnya? https://t.co/cYm2kokBH4 #Turki #Pemilu #Berita #TimurTengah",2023-05-29 14:31:22,
"Pemilu 2024 tinggal menghitung hari, 
Mohon do'a dan dukungannya yaa.. 

#tebak.. Mengapa kita on stage? ü§≠

#pemiluserentak2024 #pemilu2024 #adil #sejahtera #pemilu #presiden #pileg #pilpres #pilkada #fyp„Ç∑ #fyp https://t.co/CEsB66eDst",2023-05-29 14:27:48,
Pertemuan Bilateral Indonesia-Kanada #GolkarIndonesia #AirlanggaHartarto #fyp #viral #capres #pemilu https://t.co/eYvSBQnwlg,2023-05-29 14:19:50,
"FORKABI, Siap menjaga keamanan dan ketertiban menjelang pemilu 2024 di wilayah Polda Metro Jaya. 
-
#forkabi #jakarta #jakartaselatan #pemilu #nasdem https://t.co/lXLa6fVWho",2023-05-29 13:26:33,
KPU Tunggu Putusan MK Terkait Sistem Pemilu 2024 #KPU #MK #Pemilu #Pemilu2024 #ProporsionalTerbuka  https://t.co/U3aG1sKsXH https://t.co/5EeOiUnQQ3,2023-05-29 13:13:06,
"#kejaksaanri #kejatisumsel #kejarilahat #TrapsilaAdhyaksaBerakhlak #JaksaProfesional #banggamelayanibangsa #kirabpemilu #pemilu #lahat
https://t.co/u0mmEaj8wC (2) https://t.co/ojpQ0bkXjc",2023-05-29 12:41:17,
"Turki menggelar plpres putaran kedua, Minggu, 28 Mei 2023. Capres petahana  memenangkan pesta demokrasi ini. Erdogan meraih 52,14 persen suara, sehingga terpilih kembali sebagai Presiden Turki hingga 2028. 
#turki 
#pemilu 
#pilpres 
#erdogan 
#kƒ±lƒ±√ßdaroƒülu 
#suara
#petahana https://t.co/aJ8V1DwxVc",2023-05-29 11:47:00,
"99% Suara Telah Dihitung, Erdogan Klaim Kemenangan

https://t.co/XFYwuQdMVC

#internasional #ERDOGANKAZANACAK  #Turkiye #TurkiyeElection2023 #ErdoganVictory #pemilu #turki #Beritahariini #NewsUpdate https://t.co/OcJmEr6zUz",2023-05-29 11:25:41,
"Sah! Erdogan Jadi Presiden Turki Lagi

https://t.co/LEwl8KvLkj

#internasional #Erdogan #presidenturki #pemilu #turkiye #tuki #beritaterkini #hariini",2023-05-29 11:14:02,
"#sahabatbawaslu ""Rapat Koordinasi Lanjutan terkait Pemberian Bantuan Hibah Pendanaan Kegiatan Persiapan Pelaksanaan Pemilukada Serentak Tahun 2024 pada Perubahan/Pengeseran APBD Kabupaten Lingga Tahun Anggaran 2023""  Ayo awasi bersama, #SahabatBawaslu. #AyoAwasiBersama #Pemilu https://t.co/ZLjfXbaz1c",2023-05-29 10:38:01,
"DUET AIRLANGGA - ZULHAS FOR 2024, gimana menurut kalian?

#airlanggahartarto #golkarindonesia #capres2024 #pilpres2024 #zulhas #zulkiflihasan #partaiamanatnasional #pemilu #pemilu2024 #infojkt #jktinfo https://t.co/PeIeESXDkx",2023-05-29 09:46:26,
"Menko Polhukam Mahfud MD mengklarifikasi soal isu dugaan kebocoran informasi perkara gugatan Pemilu.

Baca selengkapnya: https://t.co/26F6F6vTQM #Berita #Pemilu2024 #MahkamahKonstitusi #MahfudMD #Pemilu https://t.co/m2frNpzX4Y",2023-05-29 09:15:44,
"Erdogan Menangkan Pemilu Turki, Perpanjang Kekuasaan Selama 20 Tahunnya #Erdogan #Pemilu #Turki  https://t.co/JhvBtvAsrP https://t.co/UxpRq633dH",2023-05-29 09:03:10,
Kaisar Abu Hanifah dan PKB Sleman Konsolidasi Pileg 2024 #DPCPKBSleman #KaisarAbuHanifah #Pemilu #PKB  https://t.co/J1m3Itf0bR https://t.co/qqgSbYcn5r,2023-05-29 08:33:04,
"MK Putuskan Sistem Pemilu Proporsional Tertutup? Ini Penjelasannya

#MahkamahKonstitusi #PemiluIndonesia #PemiluTanpaHoaks #PemiluDamai #pemilu 

https://t.co/METkiBxIfd",2023-05-29 08:04:52,
"Rakornas yang dipimpin Menko Polhukam Mahfud MD ini dihadiri para pejabat TNI dan Polri dari seluruh Indonesia.

#LemhannasRI
#Polhukam
#pemilu https://t.co/mZzOEuqIm7",2023-05-29 07:41:55,
"#SahabatBawasluRapat Rutin Sekretariat Bawaslu Kabupaten Siak. Senin, 29 Mei 2023.
#AyoAwasiBersama
___________________ 
#pemilu #pemilu2024 #pilkada2024 #bawaslu #bawasluprovinsiriau #bawaslusiak #BawasluMengawasi #AyoAwasiBersama #BawasluBerkolaborasi #indonesiamengawasi2024 https://t.co/zMFM4CVmaA",2023-05-29 07:09:07,
"#SahabatBawasluApel Pagi Rutin Bawaslu Kabupaten Siak dipimpin oleh Ketua Bawaslu Kabupaten Siak Moh. Royani, S.IP. Senin, 29 Mei 2023.  
 #AyoAwasiBersama
___________________ 
#pemilu #pemilu2024 #pilkada2024 #bawaslu #bawasluprovinsiriau #bawaslusiak #BawasluMengawasi https://t.co/XafoV9lTCY",2023-05-29 06:57:22,
"Dugaan Putusan MK Bocor Perihal Sistem Pemilu, Mahfud MD Meminta Polisi Selidiki Info A1

https://t.co/lFwx5oM8AL

Editor : Jabar ekspres/Arip Apandi
#jabarekspres #Pemilu #MahfudMd #putusanMK",2023-05-29 06:03:02,
"Panggung Depan Drama Pencapresan Elite Kita: Sebuah Premise.

Artikel Selengkapnya bisa di lihat :
https://t.co/t8cAFRnkfS

Yuk bergabung dengan kami di saksi demokrasi :

https://t.co/qUg9fiVxkK

#pemilu #capres #prabowo #saksidemokrasi #otw2024 https://t.co/zee09v6NR6",2023-05-29 06:00:00,
"Putusan Gugatan Sistem Pemilu Diduga Bocor, MK Buka Suara 

Selengkapnya Klik Tautan Berikut ini 
#jakarta #mahkamahkonstitusi #putusangugatanpemilu #pemilu 

https://t.co/zDe1cM1JCv",2023-05-29 05:59:16,
"WUJUDKAN PEMILU DAMAI 2024
BERSAMA KITA BISA‚Ä¶!!!

#pemilu
#pemiludamai
#Pemilu2024
#kapolri
#polisi
#polisiindonesia
#polisirepublikindonesia
#polri
#PolriPresisi
#poldalampung
#humaspoldalampung
#lampung
#polresmetro
#polresmetrolampung
#polresmetropoldalampung
#zonaintegritas https://t.co/K84zgWIfEY",2023-05-29 05:37:38,
"Recep Tayyip Erdogan kembali terpilih sebagai presiden Turkiye pada putaran kedua pemilu presiden.

#merahputihcom #turkiye #pemilu #presiden

https://t.co/71xzQHaYkU",2023-05-29 05:23:00,
Koalisi Masyarakat Sipil Minta MK Ingatkan KPU Terkait Aturan Mantan Koruptor dalam Pemilu #KoalisiMasyarakatSipil #MK #Pemilu  https://t.co/4pnTq4knpR https://t.co/gDXbxPHAS5,2023-05-29 05:18:34,
"Erdogan Terpilih Jadi Presiden Turki Lagi

Sumber: https://t.co/rK3U5xhcxg | Media Kolaborasi Indonesia. 
https://t.co/kD4MAz84rl

#Turki #presiden #erdogan #Pemilu #ketik #ketikmedia #beritaterkini #beritahariini #fyp #foryou #foryoupage #fypage https://t.co/C19UIDO5XL",2023-05-29 05:15:00,
"Kemenangan Erdogan memperpanjang masa jabatannya sebagai pemimpin terlama sejak Mustafa Kemal Ataturk mendirikan Turki modern.

https://t.co/GX9fRGZbAq

#erdogan #turki #pemiluturki #pemilu #presiden #receptayyiperdoƒüan #kemalkƒ±lƒ±√ßdaroƒülu #wargaturki https://t.co/gNrchwKmmX",2023-05-29 04:27:20,
"Kemenangan Erdogan ini bahkan tak diharapkan oleh para pemimpin Eropa dan AS di bawah pimpinan Biden.

#thread #pemilu #turki #erdogan",2023-05-29 04:17:11,
"[kuat NOTE]

ho...ho...ho akhirnya putaran kedua selesai dan Erdogan tetap berkuasa di Turki.

#kuatbaca #thread #utas #erdogan #pemilu #turki https://t.co/5sM8Ff7r9c",2023-05-29 04:17:08,
"Kemah Restorasi Siapkan Kader Hadapi Pemilu 

#Pemilu #Lampungpostid
https://t.co/cdgUcirMRM",2023-05-29 03:20:41,
"PROFIL Denny Indrayana yang Disebut Bocorkan Putusan Soal Sistem Pemilu Tertutup 

https://t.co/VFbR3ksM91 

#Profil #DennyIndrayana #Putusan #Pemilu",2023-05-29 03:05:44,
"Baca berita selengkapnya di sini.
https://t.co/R0Fn9BfziL

Jangan lupa follow akun Bisniscom lainnya ya Sobat Bisnis!
#bisnis #ekonomi #pemilu #nasional #prabowo #ganjar #anies",2023-05-29 02:47:05,
"Serukan kebaikan untuk kemajuan

#Pemilu #GanjarCapres https://t.co/xwuN3ZYc59",2023-05-29 02:41:50,
#pemilu yang jujudr dan adil#,2023-05-29 02:26:05,
"Ganjar Pranowo for Presiden RI 2024!
#GanjarCapres #ganjarpranowo #jokowi #pemilu #GanjarCapres #GanjarCapresPDIP #GanjarCapres2024 #GanjarCapres #IndonesiaMaju https://t.co/eSK6v4Qkjv",2023-05-29 02:25:22,
"Berbagai dukungan terhadap Ganjar Pranowo!
#GanjarCapres #ganjarpranowo #jokowi #pemilu #GanjarCapres #GanjarCapresPDIP #GanjarCapres2024 #GanjarCapres #IndonesiaMaju https://t.co/lgiHrTCcvs",2023-05-29 02:24:42,
"Milenial Dukung Ganjar Pranowo!
#GanjarCapres #ganjarpranowo #jokowi #pemilu #GanjarCapres #GanjarCapresPDIP #GanjarCapres2024 #GanjarCapres #IndonesiaMaju https://t.co/tPqo8h7Ezk",2023-05-29 02:22:42,
"Para Ulama dan Masyarakat Banten Doakan Ganjar jadi Presiden!
#UlamaBanten #Banten #GanjarCapres #ganjarpranowo #jokowi #pemilu #GanjarCapres #GanjarCapresPDIP #GanjarCapres2024 #GanjarCapres #IndonesiaMaju https://t.co/ooWBkxykOF",2023-05-29 02:16:34,
"Ganjar Pranowo Dekat Dengan Para Ulama!
#UlamaBanten #Banten #GanjarCapres #ganjarpranowo #jokowi #pemilu #GanjarCapres #GanjarCapresPDIP #GanjarCapres2024 #GanjarCapres #IndonesiaMaju https://t.co/gvHoZRe6ym",2023-05-29 02:15:17,
"Para Ulama dan Masyarakat Banten Menyambut Ganjar Pranowo!
#UlamaBanten #Banten #GanjarCapres #ganjarpranowo #jokowi #pemilu #GanjarCapres #GanjarCapresPDIP #GanjarCapres2024 #GanjarCapres #IndonesiaMaju https://t.co/lQVVMcf6dj",2023-05-29 02:14:34,
Warga #Turki merayakan kemenangan Erdogan https://t.co/MEVqHWgOZE #TimurTengah #Pemilu #Galeri,2023-05-29 00:04:17,
"Semua relawan wajib sopan santun ya dalam menyampaikan dukungan buat Ganjar Pranowo!!!

Denny Indrayana Sananta Editan Pak Taka Ariel Penang anak 90an SOONWOO JAYA JAYA JAYA #‡∏û‡∏£‡∏£‡∏Ñ‡∏≠‡∏±‡∏ô‡∏î‡∏±‡∏ö2 #‡∏û‡∏£‡∏£‡∏Ñ‡πÄ‡∏û‡∏∑‡πà‡∏≠‡πÑ‡∏ó‡∏¢ #GanjarPranowo2024 #GanjarMenangTotal #relawanganjar #Pilpres2024 #Pemilu https://t.co/lP8ztCfgTD",2023-05-28 22:23:00,
Mahfud MD Minta Polisi Selidiki Sumber Denny Indrayana soal Putusan MK Pemilu ‚ÄòCoblos Partai‚Äô #CoblosPartai #DennyIndrayana #MahfudMD #MK #Pemilu  https://t.co/sfKc7lzkwn https://t.co/sFggtSkXr1,2023-05-28 15:05:34,
"Menarik nih, Airlangga-Zulhas #AirlanggaHartarto #GolkarIndonesia #zulhas #Pilpres #capres #pemilu https://t.co/VPuKFXvlOF",2023-05-28 12:42:04,
Membebaskan Trauma Pemilu Proporsional Tertutup #Pemilu #Pemilu2024 #ProporsionalTertutup  https://t.co/8LbVxtfkVQ https://t.co/c2brfnUXA5,2023-05-28 11:39:04,
"AHY GIMANA DONG?
https://t.co/I0PGeIyCCR 
#AHY #Anies #Andika #Ireng #Pilpres #Pemilu",2023-05-28 11:24:18,
"Belum Ada Partai yang Bisa Mengakumulasi Suara Generasi Z.

Belum ada partai yang bisa mengakumulasi suara pemilih dari kalangan generasi Z, sebuah generasi yang lahir dalam rentang 1997 -‚Ä¶ #PolitikPemerintahan #genz #GenerasiZ #Pemilu via @beritajatimcom https://t.co/XPm71zUpNe",2023-05-28 07:24:05,
"Tak Ingin Disebut Partai ""Kolot"" PPP Libatkan Milenial sebagai Bacaleg #PPP #Bacaleg #Pileg #Milenial #Pemilu #Pengurus #Partai https://t.co/PEhmPMbktW",2023-05-28 07:20:10,
KPU Akan Atur Kontribusi Uang Elektronik dalam Dana Kampanye Pemilu 2024 #DanaKampanye #KPU #Pemilu #PKPU  https://t.co/agF2wdzphM https://t.co/iqEjUAkPkK,2023-05-28 06:14:03,
"Ikuti kata hatimu siapa dukunganmu

#Pemilu #GanjarCapres #Pemilu2024 https://t.co/BJNnC9BST7",2023-05-28 02:29:01,
Airlangga Bertemu Zulhas di Amerika Serikat Bahas Sekenario Baru Empat Capres #zulhas #airlangga #PAN #Golkar #golkarindonesia #capres #cawapres #pemilu #gerindra #PDIP #Nasdem #prabowo #ganjar #aniesbaswedan daniel malem minggu sananta jorji 27 mei editan kingdom penting pelaku https://t.co/lEPx4XnSCF,2023-05-27 16:28:55,
Cawapres versi kamu unggul juga gak? üòã #golkarindonesia #airlanggahartarto #prabowo #mahfud #kemenkeu #pajak #UUCiptaKerja #Sambo #bharadaE #kerjanyata #aniesbaswedan #pemilu #jokowi #PSI #Gerindra #prabowo #ganjar #politikidentitas #puanmaharani #ridwankamil #pdip #nasdem https://t.co/PAfdlPHMGD,2023-05-27 15:06:15,
Prof. Didik: Rasionalitas Kehadiran Poros Keempat #Jokowi #KoalisiPemilu #Pemilu #Pemilu2024 #ProfDidik  https://t.co/RVbzR2UgPZ https://t.co/e3tmB7IjIf,2023-05-27 12:44:04,
"Tahukah kamu, SohIB?
Sjk 1 hingga 14 Mei 2023, para Parpol peserta #Pemilu telah mendaftarkan #Caleg ke @KPU_ID &amp; terselip nama2 #Artis Ibu Kota.

Boleh gak sih Artis Nyaleg?
Saksikan lengkapnya di‚û°Ô∏è https://t.co/NM0fH54F27

#IndonesiaBaik #CalonLegislatif #Selebritis #Pemilu2024 https://t.co/SIkZTUTOiH",2023-05-27 10:30:00,
"Sambi: Pas mau nyanyi sosialisasi Pak Ganjar saya dimarahi &amp; dibawa petugas ke kantor, bahkan dikatakan kamu orang Jogja tidak tahu etika.

https://t.co/MxW7sAItQO

#ganjar #ganjarpranowo #senimanjogja #satpolpp #timses #surabaya #seniman #pemilu #capres #pjnews #pandanganjogja https://t.co/IUH0PUQ28H",2023-05-27 10:01:02,
"Staf Ahli Menag Sebut Pemilu Harus jadi Pesta yang Membuat Gembira 

Selengkapnya Klik Tautan Berikut ini 
#grobogan #staffahlimenag #pemilu #pemilu2024 

https://t.co/KvlbhnarD4",2023-05-27 09:10:01,
KPU: Baru 9 Partai Politik yang Buka Rekening Khusus Dana Kampanye https://t.co/MVzGKQeXOX #Pemilu,2023-05-27 09:00:03,
"Viral video istri Bupati Garut Rudy Gunawan, Diah Kurniasari yang menperlihatkan dirinya melakukan sawer uang di lingkungan Kantor KPU Garut. 

~Suara Merdeka Daily

#SuaraMerdeka #SuaraMerdekaNetwork #Pemilu #IstriBupatiGarut #RudyGunawan #DiahKurniasari #Garut #Sawer https://t.co/XBz41oOEzA",2023-05-27 08:19:49,
ü´° @airlangga_hrt #airlanggahartarto #golkarindonesia #politik #pemilu #pemiluserentak2024 #capres2024 #cawapres2024 https://t.co/rGvhuavhGe,2023-05-27 06:39:14,
"Info Pendaftaran Bawaslu Sulteng 2023-2028, Persyaratan, Tata Cara Pendaftaran dan Jadwalnya 
#Bawaslu #BawasluKab #Pemilu #Pemilu2024 #BawasluKota #BawasluKabupaten #PemilihanUmum #Jakarta
https://t.co/dtuOTSHXDy",2023-05-27 05:09:44,
"Tahapan dan Jadwal Seleksi Anggota Bawaslu Kabupaten/Kota 2023-2028, Dimulai Kapan? 
#Bawaslu #BawasluKab #Pemilu #Pemilu2024 #BawasluKota #BawasluKabupaten #PemilihanUmum #Jakarta
https://t.co/BqdtWeZVME",2023-05-27 05:08:51,
"Tata Cara Pendaftaran Bawaslu Kabupaten/Kota DKI Jakarta pada 29 Mei 2023  
#Bawaslu #BawasluKab #Pemilu #Pemilu2024 #BawasluKota #BawasluKabupaten #PemilihanUmum #Jakarta 
https://t.co/TCRI8kY2u7",2023-05-27 05:08:03,
"KITA SATU, KITA INDONESIA...

WUJUDKAN PEMILU DAMAI 2024
BERSAMA KITA BISA‚Ä¶!!!

#pemilu
#pemiludamai
#Pemilu2024
#kapolri
#polisi
#polisiindonesia
#polisirepublikindonesia
#polri
#PolriPresisi
#poldalampung
#humaspoldalampung
#lampung
#polresmetro
#polresmetrolampung https://t.co/MTtN5EC9v4",2023-05-27 03:36:31,
ALASAN HARUS MENGGUNAKAN HUKUM ALLAH -ALQURAN- https://t.co/fRBdYs1jzi via @YouTube #hukum #capres #pemilu,2023-05-27 02:47:22,
"Hai #SahabatBawaslu , pada hari Selasa, 23 Mei 2023 yang lalu anggota Bawaslu Kab. Malang(Bapak M. Hazairin) melakukan supervisi ke Panwaslu Kecamatan Pakis.

#malangmengawasi #bawaslu #panwaslupakis #pemilu #pemilu2024 #supervisi https://t.co/vcg6f7x7KP",2023-05-27 02:28:38,
Selamat menyambut pemilu di negeri satanic #pemilu2024 #PemiluSerentak2024 #pemilu https://t.co/slaK1lKukw,2023-05-27 02:24:35,
"Kemendagri Dorong Mahasiswa Berpartisipasi Dalam Pemilu, Perindo Merespons, Pakai Frasa Generasi Terpelajar #Pemilu https://t.co/vAfc0duwRM",2023-05-27 01:28:02,
"Ini nih yang kita suka, melihat dukungan Ganjar berdatangan, wkwkwk!!!

#ganjarpranowo #catatanganjar #jateng #pilpres2024 #calonpresiden #beritaterkini #pdip #pemilu #menang https://t.co/lHtQiEQZX8",2023-05-27 00:00:02,
Polisi menangkap tersangka penyerangan Rumah #Turki di New York https://t.co/g5ZOlGEApC #ASKanada #Pemilu #Kejahatan #AmerikaSerikat #TimurTengah #Berita,2023-05-26 21:36:08,
Polisi menangkap tersangka penyerangan Rumah #Turki di New York https://t.co/g5ZOlGEApC #Pemilu #AmerikaSerikat #TimurTengah #ASKanada #Kejahatan #Berita,2023-05-26 21:35:59,
"Dalam wawancaranya dengan Kompas, Firman menyebutkan aspek-aspek penting yang dapat meningkatkan popularitas parpol dan apa tantangan peningkatan popularitas untuk partai politik yang baru. 

#wawancara #politik #pemilu",2023-05-26 15:10:57,
GOLKAR PARTAI TERPOPULER #GolkarIndonesia #AirlanggaHartarto #Gerindra #prabowo #capres #pilpres #pemilu https://t.co/LJVGFsUpsK,2023-05-26 13:53:38,
"#ùíÉùíÜùíìùíäùíïùíÇ #KPU/#Pemilu pd #ùê¶ùêûùêùùê¢ùêö Massa Daring, ùêäùêÄùêåùêàùêí, ùüêùüì ùêåùêÑùêà, Hal. 1-4
#PemiluSerentak2024 #TemanPemilih
@DKPP_RI @bawaslu_RI @PerhumasIDN @Iprahumas @djikp @perludem @rumahpemilu @pusatparlemen @netgrit @KIPPINDONESIA @antikorupsi https://t.co/3Y2jRoFzL1",2023-05-26 13:35:39,
"Kampanyekan Pemilu Damai, Ganjar Pranowo Ajak Masyarakat Perangi Hoaks #Pemilu https://t.co/niwysgi2e6",2023-05-26 12:12:03,
#airlanggahartarto #golkarindo #surveylsi #pemilu2024 #cawapres2024 #partaipolitik2024 #pemilu @airlangga_hrt @golkar_id https://t.co/0ECSHxcoM7,2023-05-26 12:08:49,
"Soal Dugaan Aliran Dana dari Jaringan Narkoba ke Parpol, Ini Kata KPU 

Selengkapnya Klik Tautan Berikut ini üëáüëáüëá‚¨áÔ∏è‚¨áÔ∏è‚¨áÔ∏è#jakarta #kpu #dananarkoba #jaringannarkoba #pemilu 

https://t.co/adetKemNcG",2023-05-26 10:44:46,
#Pemilu Turki: Apa yang ditawarkan Erdogan dan Kilicdaroglu? https://t.co/UIQ7X1DwSP #Berita #TimurTengah #Turki,2023-05-26 09:57:27,
"#TemanPemilih, KPU Kabupaten Magetan menggelar Rapat Koordinasi Persiapan Rekapitulasi Daftar Pemilih Hasil Perbaikan DPSHP, Jumat (26/5) bertempat di Hotel Imelda, Magetan.

Selengkapnya di: https://t.co/HXW8MfKZCW

#KPUmelayani #Pemilu 2024 https://t.co/kaKiMHt8r4",2023-05-26 08:35:46,
"Pemimpin Bermoral pada Pemilu 2024

#pemilu #PemiluSerentak2024 
#Lampungpostid
https://t.co/K9QbRSfnUy",2023-05-26 07:17:38,
"Presiden dan pemerintah bersikap netral dalam Pemilu 2024
#Pemilu #Pemilu2024 https://t.co/z2ndnu6aHK",2023-05-26 06:58:40,
"Presiden dan pemerintah bersikap netral dalam Pemilu 2024
#Pemilu #Pemilu2024 https://t.co/1dvMjIp6GH",2023-05-26 06:54:45,
"Polri Sinyalir Uang Jaringan Narkoba Mengalir untuk Pemenangan Pemilu 

Selengkapnya Klik Tautan Berikut ini 
#jakarta #polri #dananarkoba #jaringannarkoba #pemilu 

https://t.co/BvXakvjBmr",2023-05-26 04:44:17,
"Ayo berpartiaipasi dalam permutakhiran data pemilih dan penyusunan daftar oemilih pemilu 2024, bisa dengan cara Online dan Offline ya Warga Kota!
Cek data pemilih melalui https://t.co/qMDxWeMAQX
 #pemilu #pemilu2024 #DPT #denpasarkota https://t.co/bOY4GnPwTe",2023-05-26 02:40:26,
"Kinerja Ganjar signifikan dalam membangun Jawa Tengah
#GanjarCapres #ganjarpranowo #jokowi #pemilu #GanjarCapres #GanjarCapresPDIP #GanjarCapres2024 #GanjarCapres #IndonesiaMaju https://t.co/PpU1mEmYP7",2023-05-26 02:34:22,
"Ganjar Pranowo mendukung reformasi digital untuk memajukan bangsa!
#GanjarCapres #ganjarpranowo #jokowi #pemilu #GanjarCapres #GanjarCapresPDIP #GanjarCapres2024 #GanjarCapres #IndonesiaMaju https://t.co/PIG3MNP3Xg",2023-05-26 02:33:06,
"Berbagai dukungan terhadap Ganjar Pranowo!
#GanjarCapres #ganjarpranowo #jokowi #pemilu #GanjarCapres #GanjarCapresPDIP #GanjarCapres2024 #GanjarCapres #IndonesiaMaju https://t.co/IaFSjwdpkd",2023-05-26 01:57:35,
"Ganjar Pemimpin Hebat dan Visioner!
#GanjarCapres #ganjarpranowo #jokowi #pemilu #GanjarCapres #GanjarCapresPDIP #GanjarCapres2024 #GanjarCapres #IndonesiaMaju https://t.co/ySDD3U8RSW",2023-05-26 01:56:26,
"Ganjar Pranowo for Presiden RI 2024!
#GanjarCapres #ganjarpranowo #jokowi #pemilu #GanjarCapres #GanjarCapresPDIP #GanjarCapres2024 #GanjarCapres #IndonesiaMaju https://t.co/405AyCFCwL",2023-05-26 01:55:49,
"Masih terlihat di pucuk gaes

#Ganjar #GanjarCapres #Pemilu https://t.co/3J7A23U7Xp",2023-05-26 01:42:16,
"Pemilihan Presiden Turki, pemungutan suara pada hari Minggu dalam pemilihan yang ketat https://t.co/vyLGgPJB48 #TurkiyeTurki #GempaBumi #Pemilu #pemilihanpresiden #RecepTayyipErdogan",2023-05-25 23:07:16,
"Anak muda harus melek politik! 

#airlanggahartarto #golkarindonesia #anakmuda #young #partaipolitik #politik #pemilu #capres2024 #pilpres2024 #pemilu2024 https://t.co/2UxmDmxYe3",2023-05-25 15:26:39,
#golkarindonesia #airlanggahartarto #prabowo #gerindra #pemilu https://t.co/miB9GTmzup,2023-05-25 15:20:24,
"Gubernur Jawa Barat Ridwal Kamil mengkonfirmasi tidak akan nyaleg melainkan siap maju Pemilihan Gubernur Jawa Barat atau DKI, hal ini diungkap RK saat ditemui di Gedung Pakuan, Kamis (25/5).
#ridwankamil
#CALeg 
#Pemilu

https://t.co/Hn9alsYKBV",2023-05-25 14:36:40,
"#ùíÉùíÜùíìùíäùíïùíÇ #KPU/#Pemilu pd #ùê¶ùêûùêùùê¢ùêö Massa Daring, ùêëùêÄùêÅùêî, ùüêùüí ùêåùêÑùêà, Hal. 1-4 
#PemiluSerentak2024 #TemanPemilih
@DKPP_RI @bawaslu_RI @PerhumasIDN @Iprahumas @djikp @perludem @rumahpemilu @pusatparlemen @netgrit @KIPPINDONESIA @antikorupsi https://t.co/LuQQ6Hw8tM",2023-05-25 13:57:47,
"Berikut daftar kekayaan tiga nama kuat calon gubernur Kalbar di Pilkada 2024 yang telah DindaNews rangkum dari laman https://t.co/IOTe6ydbFb.

#kalbar #gubernur #pemilu #pilkada #sutarmidji #lasarus #mudamahendrawan https://t.co/nR22WR2ljG",2023-05-25 13:16:45,
"Muhammadiyah dan NU Sepakat Jadi Wasit Moral Pemilu - Headline Bogor
https://t.co/veQSvxsPIZ
#headlinebogor #nasional #muhammadiyah #nadhatululama #pemilu #ragam #beritaterkini #kabarterkini https://t.co/2E6JjwSImZ",2023-05-25 12:55:46,
"Ikuti pembahasannya di #BedahEditorial hari ini pukul 21.05 WIB dan kirimkan komentar Anda.

Editorial Malam bisa Anda saksikan kembali melalui channel youtube ""Metrotvnews"". Jangan lupa subscribe!

#EditorialMalam #Pemilu #Pemilu2024 #Kecurangan https://t.co/fc1geuB1DS",2023-05-25 11:41:41,
Prinsip Berpolitik Golkar #GolkarIndonesia #AirlanggaHartarto #Prabowo #Gerindra #pemilu #capres https://t.co/Pd1yXruaRd,2023-05-25 11:08:26,
"Tweet | https://t.co/G5VCklYgaq  baca saat ini, untuk kesadaran hakiki

Menjelang tahun #pemilu

Mau tahu, klik aja :
https://t.co/6qMcE32rz9 https://t.co/mkR3nqEoac",2023-05-25 10:28:00,
"Tangkal Hoaks dan Ujaran Kebencian Pemilu 2024, Bawaslu Gandeng Tim Siber Mabes Polri https://t.co/DXmXBlF29c #hoaks #mabespolri #pemilu #timsiber #ujarankebencian",2023-05-25 10:22:27,
Bawaslu Sebut Jabar Menjadi Daerah yang Rawan Sengketa Pemilu #Yulianto #Bawaslu #KerawananPemilu #Pemilu  https://t.co/V6DNf4db0I,2023-05-25 10:12:32,
Ganjar Pranowo Menghadiri Halal Bihalal Bersama Kepala Desa Se-Jawa Barat https://t.co/5HDXga3bqB #Pemilu 2024 # Ganjar Pranowo # Halal Bihalal https://t.co/vSNSTLZvek,2023-05-25 09:33:36,
"Menurut kalian siapa nih? 

#airlanggahartarto #golkarindonesia #prabowo #prabowosubianto #cakimin #muhaiminiskandar #capres2024 #pilpres2024 #pemilu #pemilu2024 #indonesia #politik #politikindonesia https://t.co/CSDiBChuAd",2023-05-25 08:54:39,
"Lamar kerja harus pake SKCK, kalo nyaleg MANTAN NAPI pun boleh. Ini artinya #mindset KRIMINIL makin menguasai kas negara, rela?!

Keadilan bagi seluruh rakyat #Indonesia ato 'Keadilan' bagi seluruh RAKYAT LUGU Indonesia? üòè

#KPUCurangNKRIMusnah #KPU #Pemilu2024 #Pemilu #Korupsi https://t.co/LPdQlBwDy1",2023-05-25 08:51:52,
Kemenko Polhukam Dorong Pemda Ciptakan Pemilu 2024 yang Informatif #KemenkoPolhukam #Pemda #Pemilu #Pemilu2024  https://t.co/3HTZ6vHiFI https://t.co/O1wt41uhuK,2023-05-25 08:41:03,
"Info Pendaftaran Bawaslu Kabupaten/Kota 2023 Wilayah Zona 1-7 di sdmod.bawaslu.go.id-
#Bawaslu #Pemilu #Pemilu2024 #PemiluSerentak2024 
https://t.co/7ZWfsq9OpC",2023-05-25 08:39:23,
@VegaLiana2 beka banget #Pemilu,2023-05-25 08:38:16,
@VegaLiana2 Kepo gue #Pemilu,2023-05-25 08:38:14,
@VegaLiana2 sangat pemengertian #Pemilu,2023-05-25 08:38:14,
@VegaLiana2 panutanku #Pemilu,2023-05-25 08:36:35,
@VegaLiana2 mungkin aja #Pemilu,2023-05-25 08:36:28,
"Komisi Pemilihan Umum (KPU) RI telah melantik anggota KPU Provinsi terpilih periode 2023-2028.

#kpu #pemilu #pemilu2024 #edisi #kepri #provinsi https://t.co/qeDb4etwIk",2023-05-25 07:51:58,
"Pemilih Perempuan Indonesia Inginkan Capres Berlatar Belakang Militer atau Kepala Daerah #Pemilu #CapresIndonesia #MalangPost
https://t.co/yuLACKXp6X",2023-05-25 07:04:39,
"RT @eramadanicom: Temuan ini diungkapkan oleh Kombes Jayadi setelah serangkaian penangkapan anggota legislatif di berbagai daerah.

Selengkapnya ditautan berikut : https://t.co/eghdnyIBmx

#narkoba #legislatif #bareskrim #bareskrimpolri #kombes #pemilu ‚Ä¶ https://t.co/N1cPHh0rPt",2023-05-25 05:40:36,
"Temuan ini diungkapkan oleh Kombes Jayadi setelah serangkaian penangkapan anggota legislatif di berbagai daerah.

Selengkapnya ditautan berikut : https://t.co/WCKWExK5uC

#narkoba #legislatif #bareskrim #bareskrimpolri #kombes #pemilu #polri #narkotika #eramadanicom https://t.co/C6ajprv96z",2023-05-25 05:36:52,
Mendukung suksesnya pelaksanaan Pemilu 2024.. #Pemilu https://t.co/emXjRwLHF8,2023-05-25 04:40:22,
"Belum Ada Putusan MK, KPU Jalankan Proporsional Terbuka #KPU #proporsionalterbuka #pemilu https://t.co/OAjyzlV9qN",2023-05-25 04:20:00,
"Teruji banyak yang dukung

#GanjarCapres #Pemilu https://t.co/eYYRh0V5pQ",2023-05-25 04:05:21,
RT @RRIPrograma3: Polri Endus Uang Hasil Narkoba untuk Pemilu 2024 #narkoba #pemilu #pemilu2024 https://t.co/gItJ7r4QAv,2023-05-25 04:02:45,
Polri Endus Uang Hasil Narkoba untuk Pemilu 2024 #narkoba #pemilu #pemilu2024 https://t.co/8iPfVaBubI,2023-05-25 04:00:01,
Bawaslu-KPAI Awasi Potensi Eksploitasi Anak pada Pemilu 2024 #pemilu #bawaslu #KPAI #anak #eksploitasianak https://t.co/zTUBotXiJ2,2023-05-25 03:40:00,
"WUJUDKAN PEMILU DAMAI 2024
BERSAMA KITA BISA‚Ä¶!!!

#pemilu
#pemiludamai
#Pemilu2024
#kapolri
#polisi
#polisiindonesia
#polisirepublikindonesia
#polri
#PolriPresisi
#poldalampung
#humaspoldalampung
#lampung
#polresmetro
#polresmetrolampung
#polresmetropoldalampung
#zonaintegritas https://t.co/XUkpq3Na4n",2023-05-25 03:00:21,
Terjadi fenomena pengunduran diri  beramai-ramai kepala daerah untuk mendaftarkan diri menjadi #caleg untuk #pemilu 2024. Pengamat politik Siti Muslikhati menilai bahwa fenomena ini merupakan strategi menggaet suara sebanyak-banyaknya.  https://t.co/9ss4UMo3TE,2023-05-25 02:57:18,
Ron DeSantis mengajukan dokumen untuk kampanye kepresidenan AS https://t.co/2ad1IdGvDt #Berita #ASKanada #Pemilu #AmerikaSerikat #Politik #DonaldTrump,2023-05-25 01:53:55,
"Soal Aturan Eks Koruptor Nyaleg, ICW: KPU Jangan Sebar Informasi Sesat! #Icw #KpuKetuaKpu #Pemilu #Korupsi  https://t.co/u9UNT1FDoo",2023-05-25 01:51:02,
Setiap suara memiliki kekuatan. Jadilah bagian dari perubahan dengan mengawal suara dalam pemilu. #SuaraBerkuasa #MengawalSuara #PemiluMasaDepan #pemilu #pemilu2024 https://t.co/5YiIjQ9Cxj,2023-05-25 01:30:18,
"#Pemilu masih setahun lagi, tetapi gaduhnya mulai menghampiri. Siapa sangka para #pejabat daerah ramai-ramai mendaftarkan diri jadi bakal calon legislatif (bacaleg) untuk Pemilu 2024? https://t.co/BLpmn2jksf",2023-05-24 23:24:07,
"‚ÄúDengan masuk politik, pemuda diberi ruang untuk merumuskan kebijakan agar positioningnya bukan hanya mengikuti konsensus, namun dapat membuat langkah perubahan ke depan,‚Äù ujar Emil.

https://t.co/emiAISjFiV

#emildardak #wagubjatim #jawatimur #unair #anakmuda #politik #pemilu",2023-05-24 15:40:46,
GOLKAR PARTAI TERPOPULER #GolkarIndonesia #AirlanggaHartarto #Gerindra #prabowo #capres #pilpres #pemilu https://t.co/5JgQZj3aYH,2023-05-24 15:24:12,
"#SobatJDIH , Selamat dan Sukses atas pelantikan dan pengambilan sumpah / janji Komisioner KPU Provinsi Jambi Periode 2023-2028.

Semoga Amanah dan diberikan keberkahan dalam menjalankan tugas.

#jdihkpu
#jdihkpuprovinsijambi
#sobatjdih
#jdihn
#jdihnasional
#KPUMelayani
#Pemilu https://t.co/R21yquJ1wo",2023-05-24 09:45:45,
"Keren @golkar_id üíØ

#golkarindonesia #partai #partaigolkar #airlanggahartarto #capres2024 #pilpres2024 #pemilu #pemilu2024 #prabowo #ahy #gerindra #demokrat #pdip #megawati #puan #sby #nasdem https://t.co/nDKhgNKvtt",2023-05-24 09:37:42,
DeSantis akan mengumumkan pencalonan presiden AS di Twitter https://t.co/qd5OrBM23i #ASKanada #Politik #AmerikaSerikat #Berita #Pemilu,2023-05-24 09:15:06,
"Potensi terjadinya pelanggaran pemilu tak hanya terjadi di lapangan, tetapi juga di media sosial.

#merahputihcom #potensi #pemilu #lapangan

https://t.co/yDcgDxAOSZ",2023-05-24 09:01:00,
"Perekonomian Indonesia semakin bertumbuh üíØ

#airlanggahartarto #golkarindonesia #menkoperekonomian #ekonomi #perekonomianindonesia #mudik #matauang #indonesia #capres2024 #pilpres2024 #pemilu #pemilu2024 #podcast https://t.co/p2LlCfTzEl",2023-05-24 08:21:09,
Survei dari Kompas menyebutkan Partai Golkar menjadi partai terpopuler di Indonesia dengan persentase sebanyak 86%.@airlangga_hrt #airlanggahartarto #golkarindonesia #partai #partaipolitik #pemilu #pemiluserentak2024 #pemilu2024 #golkar #golkarmenang #Bitcoin https://t.co/SnFCdXuZCr,2023-05-24 08:20:02,
@OlgaSeroja Pemikiran Tepat #Pemilu,2023-05-24 07:42:59,
@OlgaSeroja terima kasih pak Jokowi #Pemilu,2023-05-24 07:42:55,
@OlgaSeroja penurut #Pemilu,2023-05-24 07:42:54,
@OlgaSeroja pengertian #Pemilu,2023-05-24 07:42:54,
@OlgaSeroja hmmm begitu ya #Pemilu,2023-05-24 07:41:18,
@OlgaSeroja orangnya lurus #Pemilu,2023-05-24 07:41:17,
