ID;Tweet;Tanggal;Lokasi
1627816771012161536;Bupati dan wakilnya harmonis saat pilkada, setelah terpilih kelihatan karakternya masing-masing.;2023-02-20 23:45:36;
1627814776658354176;@YonoSuprapti @GheaJhanaLie7 Tanya KPU Kenapa jokowi yg berijazah palsu bisa ikut pilkada dan pilpres? Kadrun Khilafuck GOBLOK;2023-02-20 23:37:40;
1627813927584399360;@PrakarsaWin @m_4r1_oslo Sebagai wakil, punya akses langsung ke bupati. Bisa sampaikan anggaran tersebut di potong. Kalau ditolak, baru maju sebagai bupati(next pilkada),  janji untuk memotongnya.;2023-02-20 23:34:18;
1627813293950930945;@hahingang Nunggu mendekati pilkada lur.. Sabar..;2023-02-20 23:31:47;
1627809610987089920;Mari bersama menyukseskan Pilkada malang !! Nomor 1 !!! #madepmantebmanetep #rendrasanusi #pilkadamalang;2023-02-20 23:17:09;
1627803690223669248;@soccatton @Adhiario1 Ga aneh sih di Indramayu mah. Sejak sebelum pilkada, udah banyak bermasalah dalam hal dukung mendukung bakal calon. Lieur lah pokonamah...;2023-02-20 22:53:37;Cilengkrang, Indonesia
1627770450091868160;@masmasayamkfc @tanyakanrl Dan para artis yang ngganteng, yg byutipul, yg terkenal, yang........, Mau aja dijadikan alat untuk menyedot perolehan suara di pilkada;2023-02-20 20:41:32;
1627767966967422978;Mari bersama menyukseskan Pilkada malang !! Nomor 1 !!! #madepmantebmanetep #rendrasanusi #pilkadamalang;2023-02-20 20:31:40;
1627767068769812480;@herupe @panca66 @kangdede78 @ch_chotimah2 Nongol nya kl mau pilkada wkwkw;2023-02-20 20:28:06;
1627725297302011905;Mari bersama menyukseskan Pilkada malang !! Nomor 1 !!! #madepmantebmanetep #rendrasanusi #pilkadamalang;2023-02-20 17:42:07;
1627725262430547969;Mari bersama menyukseskan Pilkada malang !! Nomor 1 !!! #madepmantebmanetep #rendrasanusi #pilkadamalang;2023-02-20 17:41:58;
1627706361520996353;Mari bersama menyukseskan Pilkada malang !! Nomor 1 !!! #madepmantebmanetep #rendrasanusi #pilkadamalang;2023-02-20 16:26:52;
1627706349101670400;Mari bersama menyukseskan Pilkada malang !! Nomor 1 !!! #madepmantebmanetep #rendrasanusi #pilkadamalang;2023-02-20 16:26:49;
1627704753324167169;@s4h4b4tl4m4 ujungnya politik pilkada juga;2023-02-20 16:20:29;
1627704095275622408;@KompasTV Dana pilkada DKI diobok2, apa iya selama ini laporan dana kampanye FAHRI Hamzah, Dan partai2 yg lain utk kampanye semua sesuai kenyataan? Jangan2 hanya pura2 kaget padahal dia sendiri pelaku nya juga...🤣🤣🤣;2023-02-20 16:17:52;
1627701772759502850;@Fahrihamzah Dana pilkada DKI diobok2, apa iya selama ini laporan dana kampanye FAHRI Hamzah, Dan partai2 yg lain utk kampanye semua sesuai kenyataan? Jangan2 hanya pura pura kaget padahal dia sendiri pelaku nya juga...Kata ustad mansur Dari mana duitnya🤣🤣🤣;2023-02-20 16:08:38;
1627697801516941312;@lambedigdoyo @WagimanDeep212_ Ramenya pas pilkada;2023-02-20 15:52:51;
1627687979723681792;Salah sendiri pilkada diundur, ya bebas aja anies promosiin dirinya… kan udah bukan siapasiapa;2023-02-20 15:13:50;
1627687148936900609;"@panditfootball Hayang apal ngke nyalon di daerahna atawa henteu, mudah2an sih henteu dan emang bener fokus di permengbalan.

btw pilkada sulawesi utara/ tengah iraha? https://t.co/V1BIGZ9sKJ";2023-02-20 15:10:31;
1627686188248363008;"@satriohendri @jokowi Sekelas pengamat,seperti @satriohendri,ngtweet begini...???
Alaamaak...
Akrobat,esemka,solo,medan...
sy dr sumut,dr sekian banyak pilkada,cm pilkada kota medan yg suara2 serangan fajarnya tak terjadi.
jauh amat,cocok logi nye...";2023-02-20 15:06:42;
1627685500671922176;@apisplease @osilasido @detikcom @detik_jatim Aq dengar sendiri lihat divideo pas waktu pilkada dki dulu,dari situ aq sdh nggak respek;2023-02-20 15:03:58;Bantul, Indonesia
1627680899591725058;@Belok_dong Kata2 ini diucapkan saat pilkada 2017, nyatanya malah bangun bambu mesum, tugu sepatu, malah manusianya tambah oon persis kayak ekoboy dan maudy pendukungnya, kayak dr tifu2. Itukah maksudnya membangun manusia??;2023-02-20 14:45:41;
1627677804937486338;TNI - POLRI SOLID, kami siap mengamankan pemilu dan pilkada jateng tahun 2024. https://t.co/aYjjaJ4MXv;2023-02-20 14:33:24;
1627672730379382786;@rakasyafarez bagus suaranya, kenapa ga ikutan pilkada aja;2023-02-20 14:13:14;
1627672427877793793;@satriohendri @jokowi Ada apa dgn pilkada solo dan medan sat...bukankah mereka di pilih warganya...klo melanggar undang2 ya loe sbg pengamat pintar laporkan dong..jgn ngomong di medsos aja dan muja muji anies doang...buktikan klo loe pintar;2023-02-20 14:12:02;
1627671055170174977;@schfess mff ktawa itu kyk baju partai buat pilkada 😭😭😭;2023-02-20 14:06:34;
1627668222421106688;@satriohendri @jokowi Apa masalahmu dgn pilkada Medan dan Solo?;2023-02-20 13:55:19;
1627668188459835392;"""Enggak (berencana maju pilkada DKI 2024), kata siapa? Belum, belum,"" tuturnya di Gedung Sate, Bandung, Jawa Barat, Jumat (17/2/2023).

""(Tengah) fokus (bekerja) di Jawa Barat,"" sambung politisi Golkar itu (Ridwan Kamil).
#BersamaJuara";2023-02-20 13:55:11;
1627663590730911745;@SantorinisSun aku mnertawakan orng orng yg mnyebarkan ini krn sama saja mnguliti smua politikus di Indonesia apa lagi yg sudah prnah mnjabat krna sistem nya sama saja di mn mna dr pilkada sampai pilpres jgn nanggung buka sj smua ny trmasuk pilpres aku ykin pasti mndpat angka yg lbh fantastis..;2023-02-20 13:36:55;
1627662889556516866;"@satriohendri @jokowi kamu tanya ke @aniesbaswedan dulu.
hutang dianggap lunas apabila menang pilkada itu sebetulnya ada rencana apa? https://t.co/pjpLeoeJOg";2023-02-20 13:34:08;
1627662848561397760;@Miduk17 Junjungan loe si kafir sok bicara agama Islam karena takut kehilangan suara di pilkada tempo hari cuih;2023-02-20 13:33:58;
1627662047298334720;@satriohendri @jokowi Apasih hubungan esemka dengan presiden.. jangan kena hoax ya.. pilkada solo dan medan, kan pilihan rakyat.. maunya gimana? Menabrak undang2? Tanyanya ke DPR dong kenapa diam aja..;2023-02-20 13:30:47;
1627661906545717250;@DoankWarto Dr jaman pilkada dki juga cocotnya udah ngomong kayak gtu. Mana mau dia ngelanjutin prog dr pejabat sblmnya ....mantan mendikbud kok bisa2nya angka putua sekolah tertinggi seindonesia... https://t.co/SGEungVzTy;2023-02-20 13:30:13;
1627660162361364482;@musniumar Pilkada DKI 2017 dibikin gambling. Menang pilkada tidak membayar atau sebaliknya. Pilpres 2024 mau ngutang lagi. Nasib rakyat ikut dipertaruhkan penjudi merangkap penipu rakyat;2023-02-20 13:23:17;
1627658523135082498;Mari bersama menyukseskan Pilkada malang !! Nomor 1 !!! #madepmantebmanetep #rendrasanusi #pilkadamalang;2023-02-20 13:16:47;
1627658423214182400;@sutanmangara pilkada aja ngutang. Utk diri sendiri aja gak punya solusi.;2023-02-20 13:16:23;
1627656219019313152;Mari bersama menyukseskan Pilkada malang !! Nomor 1 !!! #madepmantebmanetep #rendrasanusi #pilkadamalang;2023-02-20 13:07:37;
1627649550050824192;@muhzaki703 @epat86_ @FaktaSepakbola @ESPNFC @BroadcastBolang Faktanya seperti itu ... jelang pemilu/pilkada ... selalu seperti itu  ... yg ikut kontestasi selalu unjuk diri ...;2023-02-20 12:41:07;
1627647545995587584;"@panca66 @OnlyFrens emangnya elu engga,, sama aja, kalian juga klo disenggol buzzernya nongol kya tikus di musim panen ,, jgn sok suci, pilkada aja kalah, apa yg mau diharepin
huehue";2023-02-20 12:33:09;
1627642187323428864;"Janji janji kampanye ke 270 orang pasangan Cagub/Cawagub, Cawalkot/wakil, Cabup &amp; wakil yang terpilih pada pilkada serentak 2020 apakah sudah dilaksanakan? Jangan sampai janji berbalik menjadi petaka.";2023-02-20 12:11:52;
1627639310920069131;"@satriohendri @jokowi Esemka di suport Presiden SBY. Menteri rangkap jabatan sepertinya bukan hal baru, jaman dulu jg banyak, pilkada solo &amp; medan pemilihan langsung. Anda yg akrobat dari Pengamat Politik jadi Jubir Capres 😂🤣";2023-02-20 12:00:26;
1627638656318988289;@ch_chotimah2 @ganjarpranowo Yg lawan oligarky sapa? Yg utang oligarky di pilkada sapa? Yg pakai jet oligarky untuk keliling2 sapa?;2023-02-20 11:57:50;
1627638603596828672;"@SURYAPS20 Halah itu ngecupruss kayak dulu pas pilkada... 
Malah sibuk selfi di tugu bambu mesum dan JPO
Rekam jejakmu kelam @aniesbaswedan";2023-02-20 11:57:37;
1627637877193736195;@satriohendri @jokowi Rencana anda juga perlu di pertanyakan. Apa msalahnya pilkada Solo dan Medan shingga perlu anda pertanyakan.;2023-02-20 11:54:44;
1627634610472648705;Hutang lunas bila menang pilkada DKI 2017. Kalau kalah bayar begitu kura2. Enak sekali ya pilkada dijadikan gambling ?. 😅;2023-02-20 11:41:45;
1627633415737741312;@kumparan Uniknya pilkada negeri ini. Pasangan yang dipaksakan. Rukun diawal pecah di perjalanan.;2023-02-20 11:37:00;
1627632521688272897;@HeryIdris5 @Relawananies Ya begitu karakter johanes,kalau berita menguntungkan walaupun hoax pura2 tdk tahu.Ingat pilkada dki pedukungnya menggunakan tempat2 ibadah dengan tak tahu adat untuk mengkafirkan orang lain yang tidak sefaham,johanes tahu tidak melarang malah happy dg tipu2 busuknya....;2023-02-20 11:33:27;
1627632285750263808;Mari bersama menyukseskan Pilkada malang !! Nomor 1 !!! #madepmantebmanetep #rendrasanusi #pilkadamalang;2023-02-20 11:32:31;
1627628561799716864;"Pak Presiden benar, pemilu &amp; pilkada 2024 ini akan jadi pesta demokrasi terbesar dalam sejarah pemilu di Indonesia.

*Seriusan";2023-02-20 11:17:43;
1627626408980910081;@ganjarpranowo Mohon maaf ya, ijin, dengan semua akrobat mulai dari esemka, pilkada Solo dan Medan hingga termasuk membiarkan menterinya rangkap jabatan menabrak undang-undang, sebetulnya Pak @jokowi punya rencana apa? https://t.co/cAPqIr6ms2;2023-02-20 11:09:10;
1627626184803758081;@NohCeukenohhh @ruhutsitompul @jokowi Mohon maaf ya, ijin, dengan semua akrobat mulai dari esemka, pilkada Solo dan Medan hingga termasuk membiarkan menterinya rangkap jabatan menabrak undang-undang, sebetulnya Pak @jokowi punya rencana apa?;2023-02-20 11:08:16;
1627626146518163456;@Alfatih007Mr @ruhutsitompul Mohon maaf ya, ijin, dengan semua akrobat mulai dari esemka, pilkada Solo dan Medan hingga termasuk membiarkan menterinya rangkap jabatan menabrak undang-undang, sebetulnya Pak @jokowi punya rencana apa? https://t.co/kJ3xLIQYqS;2023-02-20 11:08:07;
1627625922743644160;@ruhutsitompul Dibohongin jokibull NGIBULL 2 periode..anjenng macamm kauu bongokkk🤣🤣Mohon maaf ya, ijin, dengan semua akrobat mulai dari esemka, pilkada Solo dan Medan hingga termasuk membiarkan menterinya rangkap jabatan menabrak undang-undang, sebetulnya Pak @jokowi punya rencana apa?;2023-02-20 11:07:14;
1627625354742603777;@habibthink Mohon maaf ya, ijin, dengan semua akrobat mulai dari esemka, pilkada Solo dan Medan hingga termasuk membiarkan menterinya rangkap jabatan menabrak undang-undang, sebetulnya Pak @jokowi punya rencana apa?;2023-02-20 11:04:59;
1627625308454268928;@habibthink Dibohongin jokibull NGIBULL 2 periode gakk da minta maaf sama tuhan tuh orang2 gereja 😦😆😆😆Mohon maaf ya, ijin, dengan semua akrobat mulai dari esemka, pilkada Solo dan Medan hingga termasuk membiarkan menterinya rangkap jabatan menabrak undang-undang, sebetulnya Pak @jokowi;2023-02-20 11:04:48;
1627625162614128643;@OposisiCerdas Sistem pemilunya seperti Jerman tapi hasilnya seperti pilkada Solo.;2023-02-20 11:04:13;
1627624949325377536;@ruhutsitompul Mohon maaf ya, ijin, kebohongan dengan semua akrobat mulai dari esemka, pilkada Solo dan Medan hingga termasuk membiarkan menterinya rangkap jabatan menabrak undang-undang, sebetulnya Pak @jokowi punya rencana apa? Menjual asset negara ke RRC jeb @PdiperjuanganP;2023-02-20 11:03:22;
1627623354063785984;Mari bersama menyukseskan Pilkada malang !! Nomor 1 !!! #madepmantebmanetep #rendrasanusi #pilkadamalang;2023-02-20 10:57:02;
1627617454460649472;@musniumar Awalnya pilkada diundur adalah untuk menjegal Anies, ternyata hasilnya penguasa repot sendiri, toh;2023-02-20 10:33:35;
1627616185956319234;"""Enggak (berencana maju pilkada DKI 2024), kata siapa? Belum, belum,"" tuturnya di Gedung Sate, Bandung, Jawa Barat, Jumat (17/2/2023).

""(Tengah) fokus (bekerja) di Jawa Barat,"" sambung politisi Golkar itu (Ridwan Kamil).
#BersamaJuara";2023-02-20 10:28:33;
1627616173079789570;"""Enggak (berencana maju pilkada DKI 2024), kata siapa? Belum, belum,"" tuturnya di Gedung Sate, Bandung, Jawa Barat, Jumat (17/2/2023).

""(Tengah) fokus (bekerja) di Jawa Barat,"" sambung politisi Golkar itu (Ridwan Kamil).
#BersamaJuara";2023-02-20 10:28:29;
1627612840017424384;Yah gugur janji pilkada pertama, gmn nih @_BangFu 😂;2023-02-20 10:15:15;
1627609859721170944;@islah_bahrawi Saat pilkada Jkt, apa yg terjadi? Apa betul terjadi yg dituduhkan? Ato segerombolan pendusta berkedok berbayar mamfaatkan situasi dgn berbagai peran masing2 mempolitisasi agm demi agenda licik?;2023-02-20 10:03:24;
1627606805957464065;"Semangat 💪 @bawaslu_RI
Selayaknya kami harus dukung,usut dan bongkar pelanggaran pidana utang Anies di pilkada DKI 

Bawaslu Mulai Cium Pelanggaran di Perkara Utang Anies Rp50 Miliar, Hensat: Apa Orang Nggak Punya Uang Nggak Bisa Maju Pilkada? 

https://t.co/Hap5PWKX45";2023-02-20 09:51:16;
1627606222198419458;@GunRomli Pak wawan kalo waktu itu ikut pilkada dki pasti menang deh;2023-02-20 09:48:57;
1627604530522394624;"@Pencerah___ @bawaslu_RI @KPU_ID Biar keliatan bnyk pendukung trus boleh Utang lg utk kyk pilkada.
🤣🤣🤣";2023-02-20 09:42:14;
1627603927675080704;@OlgaSeroja jadwal pelaksanaan pemilu dan pilkada serentak sudah ditetapkan #PolitikIdentitas;2023-02-20 09:39:50;
1627602572558364673;"@EbesOngis @uplukmumpluk Berarti bareng mbatu 
2024 serentak pilkada ne";2023-02-20 09:34:27;
1627602154750898178;Trs dp 92 m saat pilkada dki 2017 itu dari siapa dari hantu, sok ngomong oligarki, ente sehat dok;2023-02-20 09:32:47;
1627596068518260737;@joglonkrinew @Cidromulu @satriohendri @jokowi Etika ? Apakah ada yang di langgar. Kemana partai Politik oposisi waktu pilkada Solo ?nggak ada satupun yang berani mencalonkan untuk menjadi pesaing.. jaman demokrasi bos,nggak cocok tinggalin jangan di pilih.;2023-02-20 09:08:36;
1627593326118719489;"@SiaranBolaLive @kumparan Mark my word.

Buat modal nanti dia maju pilkada.";2023-02-20 08:57:42;
1627591837249859585;Mari bersama menyukseskan Pilkada malang !! Nomor 1 !!! #madepmantebmanetep #rendrasanusi #pilkadamalang;2023-02-20 08:51:47;
1627583967598886912;"@ibnoejimbonk @Yurissa_Samosir Banjir karna gubernurnya gak bisa kerja, janji naturalisasi hanya kata kata manis saja..
Itulah akibat pilkada mainin agama, apa yg ditanam akhirnya menuai sendiri.

#AniesBapakIntoleransi
#AniesDidukungKHILAFAH 
#AniesDidukungKoruptor 
#AniesNgibul https://t.co/B8SGgnZdod";2023-02-20 08:20:31;
1627582934944477185;"@AlismarAlismar1 @the__princess23 Tunda pilkada dan pileg itu sudah ada UU nya dan Sudah diputuskan MK ..  ""koq gue masih gak faham???""😁";2023-02-20 08:16:25;
1627582063288393728;@AREAJULID Nenek ini gak tau atau pura-pura gak tau ya, kalau setiap menjelang pemilu, pilpres, pilkada, orang2 dari partainya itu jorjoran mampir ke pengajian-pengajian emak2 buat mendulang suara.;2023-02-20 08:12:57;
1627576832366358529;"@mnuzultommy @HelmiFelis_ Akun asli Indonesia bukan turunan Yaman jadi anda gk punya hak untuk melarang saya.
Berita?
Berita tentang hutang 50 M saat pilkada DKI oleh Anies itu maksud lo?";2023-02-20 07:52:10;
1627572613320171520;@SURYAPS20 Tdk jauh berbeda saat pilkada dki;2023-02-20 07:35:24;
1627568943983636481;"@Remy6810 @awemany Sembarangan 15M
Berkaca pilkada Jkt gub aja 93M
Mosok wapres cuma 15M

Tp ya kali ya 
Wapres negeri hambalang 😄😄😄";2023-02-20 07:20:49;
1627567801744621568;"@Candra4smara Awok wok wok..soalnya Yohanies  terpapar&amp; dewa judi pilkada kmarin";2023-02-20 07:16:17;
1627565643691339776;@satriohendri @jokowi Mending situ bahas pelanggaran pidana pilkada si Anies tuh pinjam duit;2023-02-20 07:07:42;
1627564090632847360;"@musniumar Maksud hati membatasi popularitas anies dg diundurnya jadual pilkada, eh ternyata dg status anies yg ""pengangguran"" malah bisa leluasa kemana2 tanpa terbebani bbrp persyaratan krn dia tdk berstatus sbg pejabat negara lg";2023-02-20 07:01:32;
1627560550053089283;Makanya kaderisasi itu penting...jangan sampai pas waktu pilkada/pilpres malah gak punya jagoan dari kader sendiri.;2023-02-20 06:47:28;
1627559015189483520;@KawalPersib Isu pilkada yang menjanjikan suara banyak hahaha;2023-02-20 06:41:22;Coblong, Indonesia
1627551345598398465;@Fahrihamzah Dana kampanye pilkada DKI diobok obok,  apa iya selama ini laporan dana kampanye FAHRI Hamzah, Dan partai2 yg lain waktu pileg, pilkada atau pilpres semua sesuai kenyataan? Jangan2 hanya pura pura kaget padahal dia sendiri pelaku nya 🤣🤣🤣;2023-02-20 06:10:53;
1627548495929540610;"@StefanAntonio__ @jokowi @mohmahfudmd @YaqutCQoumas @kemendagri Pak Jokowi &amp; Pak Mahfud
Kenapa FKUB dan SK2 Menteri lebih tinggi dari pada UUD 1945.( mohon pencerahanya)
Kenapa penguasa abdi negara diwilayah setempat(RT,RW,Lurah,Camat,Bupati ) tidak tegas , apa kawatir kehilangan suara saat pilkades,pilkada diwilayahnya.
@NahdatulUlama1,";2023-02-20 05:59:34;
1627547821389004800;Mari bersama menyukseskan Pilkada malang !! Nomor 1 !!! #madepmantebmanetep #rendrasanusi #pilkadamalang;2023-02-20 05:56:53;
1627546104891084800;@PolJokesID Nenek ini gak tau atau pura-pura gak tau ya, kalau setiap menjelang pemilu, pilpres, pilkada, orang2 dari partainya itu jorjoran mampir ke pengajian-pengajian emak2 buat mendulang suara.;2023-02-20 05:50:04;
1627540582909485056;"@Mdy_Asmara1701 Menata trotoar utk lahan parkir, pkl, menata lokasi kumuh yg memlih dia di pilkada,.

Janji kampanye dan Ingub nya soal Isu Prioritas Daerah, tapi daerah kumuh di dki jakarta bejubel, warga miskin sampai 3,9 juta tapi mau adu karya /prestasi ? https://t.co/f4PUMStHr1";2023-02-20 05:28:07;
1627538487552651265;"@satriohendri @jokowi Ap urusannya pilkada solo &amp; medan? Dasar otak sdh sungsang.";2023-02-20 05:19:48;
1627535966360707072;@RomeoWalker19 Ya betul...setayu sy semenjak pilkada DKI sampe skrg jadi begini.;2023-02-20 05:09:47;
1627532961464651776;@tanyakanrl banyak yg begini nih, apalagi yg wakilnya emg dipasang buat naikin elektabilitas waktu pilkada, pst wktu udh kepilih ya udah.. ga diajakin ngapa2in, bagus pak ini mau speak up;2023-02-20 04:57:50;
1627532527295688704;@satriohendri @jokowi Ada apa memang pilkada solo dan medan? Ada masalah?;2023-02-20 04:56:07;
1627531068189601793;@AyaniMel Harusnya memang sperti itu jangan sampe kasus pilkada 2017 terulang lagi,tapi ternyata ada juga mesjid  dijadikan ajang pencitraan https://t.co/7h56pXyYwZ;2023-02-20 04:50:19;
1627527310432940033;Yohanies gunakan ayat dan mayat pad pilkada 2017 https://t.co/n2C6qfCOHE;2023-02-20 04:35:23;
1627527243210850304;Yohanies gunakan ayat dan mayat pad pilkada 2017 https://t.co/BxxNgi7eI9;2023-02-20 04:35:07;
1627525758771134468;@mbelgedex01 Penjilat2 yohanies konsisten dan terorganisir menyebar hoaks utk mengalihkan rekam jejak nya di pilkada DKI 2017 dan kinerjanya 5 thn di DKI.;2023-02-20 04:29:13;
1627522982297096193;Kita bs melihat bahaya politik identitas di India saat ini, dmn sentimen anti-minoritas yang dibarengi kebencian dan kekerasan, jg bs melihat pilkada DKI, dmn byk org yang sama identitasnya sama Ahok jg jd korban kebencian pdhl gak ikut-ikutan, termasuk anak-anak.;2023-02-20 04:18:11;
1627522538262900737;Dari rangkaian itu, maka jelas terlihat bahwa Presiden Joko Widodo sudah dengan konsisten mendukung pemilu dan pilkada dilaksanakan pada 2024. Jokowi juga tidak pernah membahas dengan jajaran kabinet terkait penundaan pemilu atau perpanjangan masa jabatan tiga periode. https://t.co/wNe4DWAtZi;2023-02-20 04:16:25;
1627522077266964480;@satriohendri @jokowi Maaf ya pak @satriohendri  ,  Esemka,  pilkada solo dan medan,  rangkap jabatan (ketum PSSI) apakah itu melanggar UU...?? Kalau melanggar UU pasal brp ayat brp...?? Bisa jelaskan;2023-02-20 04:14:35;
1627519024988045313;"Parah! Anies akan pakai cara busuk seperti pilkada 2017

#AniesGaBener #AniesDidukungKHILAFAH #AniesDidukungKoruptor https://t.co/XKAiqVWVcF";2023-02-20 04:02:28;
1627516102535434240;@satriohendri @jokowi 3 periode, minimal perpanjang masa jabatan. Pilpres ditunda. Tapi pilkada harus terus.... Wkwkwkwk 🤣🤣🤣;2023-02-20 03:50:51;
1627516008717221889;@BornAKang alien geus daratang taun 2023, rek ngamankeun pilkada jeung pilpres;2023-02-20 03:50:28;
1627513950844907522;@satriohendri @jokowi Lah bukan nya dari dulu mentri bisa rangkap jabatan ketua organisasi olah raga, ini sejak jaman orba loh om?? Kalo pilkada kan dah demokrasi, bebas lah siapa aja bisa mencalonkan/ di calonkqn, kok skrng jd begini penpdt nya ,ra mutu blass;2023-02-20 03:42:18;
1627513600536612865;untuk apa pemilu dan pilkada;2023-02-20 03:40:54;
1627511787712290816;makin kesini makin hardcore aee jobku, pdhl pilkada jek taun ngarep tp golek narsum dan responden dari sekarang mana sek disasar ring 1 sek meneh.;2023-02-20 03:33:42;
1627509136568258561;Anies mau pakai cara busuk lagi seperti pilkada 2017 melalui partai ummat https://t.co/sxFixIfuqW;2023-02-20 03:23:10;
1627508188202532865;"@Tan_Mar3M Pertanda pemilu dan pilkada,udah mau dekat.
Mereka gak sadar 
Membedakan pikada sama pil kb
😇😇🫣🫣🫣🫣🫣";2023-02-20 03:19:24;
1627504425643446273;@asdfgjkhil @kiwluwa @tanyakanrl Betul kak. Orang jujur itu diasingkan sekarang. Pemda sekarang sdh lebih ke bisnis daripada pengabdian kepada masyarakat. Proyek diadakan untuk ajang bancakan. Pilkada menghasilkan produk pemerintahan yg politis -bisnis.karena modal pilkada harus balik dan untung;2023-02-20 03:04:27;
1627503768807026689;"@pengarang_sajak Sejarah sdh mencatat pilkada DKI 2017 paling parah, horor... Kalo masih ada orang yg mendukungnya, kita lawan mereka...

Sy garda terdepan yg akan membumi hanguskan pasukan pemecah belah bangsa. https://t.co/Dn0Co1ocX5";2023-02-20 03:01:50;
1627503699852673026;"@Candra4smara Sejarah sdh mencatat pilkada DKI 2017 paling parah, horor... Kalo masih ada orang yg mendukungnya, kita lawan mereka...

Sy garda terdepan yg akan membumi hanguskan pasukan pemecah belah bangsa. https://t.co/B3xvOFqDSd";2023-02-20 03:01:34;
1627503365243670528;"@Mdy_Asmara1701 Sejarah sdh mencatat pilkada DKI 2017 paling parah, horor... Kalo masih ada orang yg mendukungnya, kita lawan mereka...

Sy garda terdepan yg akan membumi hanguskan pasukan pemecah belah bangsa. https://t.co/OrtyBY7STl";2023-02-20 03:00:14;
1627503082757316608;"@nusantara_one Sejarah sdh mencatat pilkada DKI 2017 paling parah, horor... Kalo masih ada orang yg mendukungnya, kita lawan mereka...

Sy garda terdepan yg akan membumi hanguskan pasukan pemecah belah bangsa. https://t.co/KPinFia6Zd";2023-02-20 02:59:07;
1627500999853363202;@DokterTifa @aniesbaswedan Masih ingat janji pilkada DKI stop reklamasi ,sempai sekarang masih berjalan tuh,tengok pik 2;2023-02-20 02:50:50;
1627498713043304449;Mari bersama menyukseskan Pilkada malang !! Nomor 1 !!! #madepmantebmanetep #rendrasanusi #pilkadamalang;2023-02-20 02:41:45;
1627497474448564224;@FashionIin @DoankWarto sakingan anies dan nasdem yg curi start deklarasi,wong pilkada masih setahun lagi,,ngebet bener jadi pleciden..mendahului curi kampanye,,emang rakyat indonesia bodoh seperti gerombolan kadrun? nyata2 anies dan nasdrun tidak berani bertanding dengan fair...;2023-02-20 02:36:50;
1627497148513398784;Mohon maaf ya, ijin, dengan semua akrobat mulai dari esemka, pilkada Solo dan Medan hingga termasuk membiarkan menterinya rangkap jabatan menabrak undang-undang, sebetulnya Pak @jokowi punya rencana apa?;2023-02-20 02:35:32;
1627496176009498624;"@KakaKeyo Arogan sekali Ibu itu. Tapi ya sudah pilihan warganya, waktu maju pilkada aja udah red flag sebenarnya.
https://t.co/bgKOLPlnHG";2023-02-20 02:31:40;
1627492519721283584;Anies mau pakai cara busuk lagi seperti pilkada 2017 melalui partai ummat https://t.co/NgeFNX1ZRN;2023-02-20 02:17:08;
1627491190768795649;Demokrat siap menang pilkada dan pemilu 2024 #AHYHarapanRakyat;2023-02-20 02:11:51;
1627489792555646976;"Anies mau pakai cara busuk lagi seperti pilkada 2017 melalui partai ummat 

 #aniesradikal #aniesrajautang #intoleran Sabun Cuci Bleach Dajjal Indomie Silancur Kunti #Carnaval2023 https://t.co/UiyKxYpyzs";2023-02-20 02:06:18;
1627488099831005186;@msaid_didu Akan dilakukan saat mendekati pemilu nanti pak, dan pilkada;2023-02-20 01:59:34;
1627480288401199104;@inyonkjm @OposisiCerdas Mksd nya sang walkot di pilih secara aklmasi tanpa ada pilkada atau apaa kah?;2023-02-20 01:28:32;Pesanggrahan, Indonesia
1627479003929124864;"Semenjak pilkada @DKIJakarta  2017 lalu yg di menangkan pak @aniesbaswedan dan @sandiuno  .
.
.
Kelakuan para INTOLERAN makin bringas.";2023-02-20 01:23:26;
1627476275651825666;@islah_bahrawi Tuh masjid gua kallo mo pilkada para calon pada giliran sholat jum'at. Bahkan calon yg aq liat jarang sholat yo melu kampanye n sholat bareng2. Tim sukses e nak rapat nang srrambi mesjid... Terus kon pie? Nang lapaangan sdh hal yg biasa tuan yg maha benar;2023-02-20 01:12:35;
1627467241561427968;"@Pencerah___ @bawaslu_RI @KPU_ID MasyaAllah...Anies Baswedan disambut meriah dimana²....efek pemilu dan pilkada serentak berbuah manis buat pak Anies....

Allahu Akbar";2023-02-20 00:36:41;
1627466810282082304;"Money politik dinegeri ini sdh membudaya,
BAWASLU adakah yang ditangkap dalam pelaksanaan pilkada, Pilpres dan pemilu adanya praktek POLITIK UANG yang Membodohi rakyat untuk mencari kekuasaan negeri";2023-02-20 00:34:59;Temanggung, Indonesia
1627466758314692610;@Yurissa_Samosir Pening istana dan lembaga survey,mikirin gimana caranya lawan anies,seakan trauma saat pilkada DKI pihak istana dan PDIP tumbang ditangan anies;2023-02-20 00:34:46;
1627465836440211458;"@liputan6dotcom Klo bukan pejabat ya bebas saja...
Suruh siapa kagak ada pilkada 🤣...";2023-02-20 00:31:06;
1627465719289098240;"belum kelar hutang pilkada anis yang lama..
kini sudah datang lg masalah yang baru...??
 #aniesgagal #anisbaswedan 
#anispolitikedintitas 
#waspadacapresradikal 
#anisgakbisakerja
#hutang #fyp https://t.co/oVp90OGjqY";2023-02-20 00:30:38;
1627463989616869377;@bobby_risakotta Sdh pas mirip bgt pilkada DKI;2023-02-20 00:23:46;
1627462429096677376;Begitu kasus hutang modal kampanye pilkada, skrg akunnya di rubah jd terbatas.... Kalau takut dikomentarin main tiktok aja jgn twitter 🤣🤣;2023-02-20 00:17:34;
1627460976793747456;Mari bersama menyukseskan Pilkada malang !! Nomor 1 !!! #madepmantebmanetep #rendrasanusi #pilkadamalang;2023-02-20 00:11:48;
1627457860501385216;@tanyakanrl Biasalah artis cuma dijadikan pemanis bwt narik suara pas pilkada;2023-02-19 23:59:25;
1627449804514295809;@medi_antopo @eedo_realman @bhebob @nazaqistsha Cieee ada pendukung bang napi kepanasan krn junjungannya kalah pilkada di dki pdhl sdh jual kitab suci agama lain krn gak pede dg kitab agama sendiri;2023-02-19 23:27:24;
1627447139805839361;Mari bersama menyukseskan Pilkada malang !! Nomor 1 !!! #madepmantebmanetep #rendrasanusi #pilkadamalang;2023-02-19 23:16:49;
1627445178993901568;@BudTeguh jaman sby ikut, jaman jokowi ikut, pilkada ikut prabowo, sekarang ke surya p;2023-02-19 23:09:01;
1627442136693248000;"@golkarpedia sekaligus persiapan pemilu dan pilkada,"" ujar Basri saat peluncuran BSN di kantor DPD Partai Golkar DKI Jakarta, Cikini.

#airlanggahartarto #partaigolkar #golkarpedia";2023-02-19 22:56:56;
1627436423350714369;"@ah_soeltan @aniesbaswedan Coba kau tanya sama dirimu.
Emang siapa yang nyuruh ahok nistain agama menjelang pilkada dki? Anies? FPI?

Ahok itu udh menang di putaran pertama pilkada dki dgn 42%. Skrg introspeksi aja, knp suara AHY pergi ke anies semuanya di putaran ke dua. https://t.co/IdZ9HvF5cB";2023-02-19 22:34:14;
1627427764612771841;@firzahusainInc @Pencerah___ @bawaslu_RI @KPU_ID Bawalu punya rezim tau dan ga bisa ngapa2in Krn memang ga ada pelanggaran, itulah dosa rezim, membuat aturan pilkada serentak, dgn maksud menghadang Anies Baswedan, ga taunya malah jadi kesempatan Anies utk sosialisasi tanpa beban sebagai pejabat publik...hahahaha🤪;2023-02-19 21:59:49;
1627405615915237379;Mari bersama menyukseskan Pilkada malang !! Nomor 1 !!! #madepmantebmanetep #rendrasanusi #pilkadamalang;2023-02-19 20:31:49;
1627376145414127616;@qitzskies @ahporschee @tanyakanrl Memang kak. Sejak otonomi daerah dan berjalan pilkada muncul banyak problematika korupsi (KKN). ASN yg tidak lihai bermain uang bakal jadi korban kambing hitam. Klo mau aman jadi ASN minta ASN non jabatan alias jadi Staff biasa.;2023-02-19 18:34:42;
1627362870781673473;Mari bersama menyukseskan Pilkada malang !! Nomor 1 !!! #madepmantebmanetep #rendrasanusi #pilkadamalang;2023-02-19 17:41:57;
1627362832819036160;Mari bersama menyukseskan Pilkada malang !! Nomor 1 !!! #madepmantebmanetep #rendrasanusi #pilkadamalang;2023-02-19 17:41:48;
1627362609711427585;@tanyakanrl Agak sulit sih, Bupati-nya sendiri anaknya mantan Kapolri jadi bekingannya banyak. Ga dikasih panggung juga mungkin krn mau nyalonin lagi, jadi meminimalisir lawan politik yg potensial di pilkada nanti;2023-02-19 17:40:55;
1627346678004211712;"Modal financial untuk memenangkan pilkada sangat dibutuhkan, namun bukan hanya itu saja. Simak video pendek sambutam dari politisi senior yang mengakui keunggulan tekhnologi, hingga bergabung kedalamnya.

https://t.co/PQv1b1mCMu

@KPU_ID @bawaslu_RI 
#Pemilu2024 #Pileg #Pilkada https://t.co/bJ1EfLw23U";2023-02-19 16:37:37;
1627343929455816705;Mari bersama menyukseskan Pilkada malang !! Nomor 1 !!! #madepmantebmanetep #rendrasanusi #pilkadamalang;2023-02-19 16:26:42;
1627343922103222272;Mari bersama menyukseskan Pilkada malang !! Nomor 1 !!! #madepmantebmanetep #rendrasanusi #pilkadamalang;2023-02-19 16:26:40;
1627339706085302275;"@keps_ky @JejenKhascheev @prabowo Nah kan malah balik ke pilkada,ya masa milih jagoannya situ,sodara Ahok yg berkasus,konyol.
Yg real ajalah kalo bicara.Pilkada udah lewat jauh,pilpres 2024 belum dimulai,FPI sudah dibubarkan,terus ga ada pernyataan resmi dr FPI baru mendukung capres manapun.";2023-02-19 16:09:55;
1627338487258308608;"""Enggak (berencana maju pilkada DKI 2024), kata siapa? Belum, belum,"" tuturnya di Gedung Sate, Bandung, Jawa Barat, Jumat (17/2/2023).

""(Tengah) fokus (bekerja) di Jawa Barat,"" sambung politisi Golkar itu (Ridwan Kamil).
#BersamaJuara";2023-02-19 16:05:04;
1627338476105658368;"""Enggak (berencana maju pilkada DKI 2024), kata siapa? Belum, belum,"" tuturnya di Gedung Sate, Bandung, Jawa Barat, Jumat (17/2/2023).

""(Tengah) fokus (bekerja) di Jawa Barat,"" sambung politisi Golkar itu (Ridwan Kamil).
#BersamaJuara";2023-02-19 16:05:01;
1627330173501857792;@yusufagro @Amethyst_Mantle @RagilSemar Ya emang anies bukan islamis,justru cenderung sekularis, itu fakta. Yg islamis kan sebagian pendukungnya saja karena waktu pilkada dki kebetulan lawan anies adalah non muslim, jadi seolah2 anies bahkan ahy adalah tokoh islamis, padahal nggak sama sekali.;2023-02-19 15:32:02;
1627329070316027904;Btw tadi pagi aku nyari tau bapaknya indah dan soal pilkada kerinci, sorenya ada helikopter jatuh;2023-02-19 15:27:39;
1627325775170142208;@aniesbaswedan @NasDem @PDemokrat @PKSejahtera Yohanes anis baswedan bpk politik identitas @aniesbaswedan gx usah halu jd presiden dah,rusak kebhinekaan indonesia lw anis jd presiden,#pilkada terburuk di indonesia 2017 jangan sampai terulang lgi;2023-02-19 15:14:33;
1627324278831206400;@Hantoro2011 @ekowboy2 Silahkan laporkan ke KPU gw tunggu laporan nya.ketua badan pengawas pemilu saja bilang sudah kadaluarsa apa yg mau di bahas toh bukan masyarakat yg menanggung hutang jika Anies kalah di pilkada dki.mending lu urusin biaya kereta cepat bengkak 18 triliun dan hutang 7ribu triliun;2023-02-19 15:08:36;
1627323568798453761;Pasti itu yg bikin pendukung nya Anies sendiri. Teriak sendiri . Nuduh yg lain. Seakan Anies di dzolimi. Siasat itu sudah sering di lakukan saat pilkada DKI 2017;2023-02-19 15:05:47;
1627320313917898752;@baliandra2 Urusan nya apa? Klo memang terbukti melanggar pasti dia g lolos pencalonan pilkada, pilpres...g ada aturan yg dilanggar. Kecuali dana kampanye yg 50 M diduga menyalahi aturan itu urusi aja dapur sendiri mprop...;2023-02-19 14:52:51;
1627316713514766337;"@NasDem @aniesbaswedan dari pilkada DKI ,sekarang nyapres pun Masjid jadi andalan...
TUMAN.... menjijikkan 🤮🤮🤮";2023-02-19 14:38:33;
1627316129663434758;"@__AnakKolong mengajak utk ramai"" sholat Jumat bareng di masjid yg disebut pula tempatnya.
menang di pilkada DKI dgn mengunakan masjid... sekarang akan diulang lagi.
TUMAN....
yamannya yaman wedan!";2023-02-19 14:36:14;
1627310858312503296;"@Ghurem2 @KejaksaanRI Moga menjadi titik baru penegakan hukum di Indonesia. Namun PR @KejaksaanRI masih bnyk pemimpin di daerah yg bisa bermain mata dengan APH. sb APBD adalah komoditas yg bisa di otak atik agar modal pilkada bisa kmbali &amp; untung.lingkaran judikatif -eksekutif saling tutup demi cuan";2023-02-19 14:15:17;
1627309067474731010;"@kumparan Sistem pemilu tertutup sdh terbukti gagal di jaman orba dengan reformasi 98 yg berdarah-darah dan makan korban jiwa kita bisa melaksanakan pilkada &amp; pilpres lah ko  malah mo dibalikin lagi ke jaman batu sih.";2023-02-19 14:08:10;
1627308335514161152;@SUNGPPARK Mau pilkada ya pak;2023-02-19 14:05:15;
1627303387170738176;@her_ermi @MuhiqR @UdinBagol8 Itu baru pilkada udah utang segitu banyak . Terus nanti KL mau maju pilpres mau utang brp T ?? 🤣🤣🤣;2023-02-19 13:45:35;
1627303094135689216;Bismillah menang pilkada...;2023-02-19 13:44:26;
1627301042760351749;"@Kucing8810 Yang lebih parah lagi jika menang pilkada,wajib mengembalikan utang janji politik dengan proyek2 besar daerah lewat kelebihan bayar atau berapa % dana proyeknya
Hal ini sangat meruntuhkan dan menghancurkan proyek negara ato daerah oleh peserta pilkada/pilpres
Ingat jaman beye";2023-02-19 13:36:17;
1627296182367301632;Mari bersama menyukseskan Pilkada malang !! Nomor 1 !!! #madepmantebmanetep #rendrasanusi #pilkadamalang;2023-02-19 13:16:58;
1627293817304141824;Mari bersama menyukseskan Pilkada malang !! Nomor 1 !!! #madepmantebmanetep #rendrasanusi #pilkadamalang;2023-02-19 13:07:34;
1627290855982907400;@olvaholvah @aniesbaswedan @NasDem @Relawananies @sobat_anies Ketagihan kampanye pilkada dki masjid di buat untuk meraih kekuasaan..tapi ingat ini nasional bro makin nyungsep klo mainya model bgini..org lihat track record nya rakyat yg waras lebih banyak dripada yg gk waras,santai aj gak ngaruh..;2023-02-19 12:55:48;
1627285763846201344;@Hantoro2011 @ekowboy2 Kecuali Anies sandi kalah di pilkada baru Anies sandi punya hutang ke pemodal mereka menang dan lunas dan ada surat perjanjian nya di pegang sama anies;2023-02-19 12:35:34;
1627284454380298248;Halal buat #BapakPolitikIndentitas ? mau banget menang pilkada pakai utang tak perlu bayar sandiaga uno ? @kumparan https://t.co/tywYt5NpFk;2023-02-19 12:30:22;
1627283101079736321;@OposisiCerdas Rakyat sudah pintar, rakyat tak bisa dibodohi.semoga peristiwa pilkada DKI 2017 tidak terjadi lagi . Semoga rakyat ttp bersatu, pilihan boleh beda, NKRI ttp nomor 1..;2023-02-19 12:24:59;
1627279601214033922;@AzzamIzzulhaq Menjelang pilkada pileg yo pasti tadz;2023-02-19 12:11:04;
1627277962293952513;@CindyEeemilia Cara kerja buzerrp sjak jaman pilkada DKI Jokowi Ahok... Kerja nya pecah belah bangsa..smoga rekam jejak buzerrp ini bisa di lacak... Nanti tinggal ciduk;2023-02-19 12:04:34;
1627277146044637187;"°°° kalau saya @SBYudhoyono 
@AgusYudhoyono 
@Edhie_Baskoro 
Pada pemilu 2024 ini tidak ikut cawe-cawe soal pilpres mending konsentrasi di pileg &amp; pilkada, dan apa kalian lupa ada partai PKN notabenenya Partai AU &amp; simpatisan senior yg kena pecat akan mengerus suara PD https://t.co/XpnPlCcSJR";2023-02-19 12:01:19;
1627269751734165504;Mari bersama menyukseskan Pilkada malang !! Nomor 1 !!! #madepmantebmanetep #rendrasanusi #pilkadamalang;2023-02-19 11:31:56;
1627269453674319872;"HTI dan FPI adalah ormas terlarang dan sdh dibekukan tp anggota2nya masih bermanuver serta dekat dengan Yohanes wan Abud
Dan berperan memenangkan Bapak politik indentitas dari Yaman si gotberner seiman pada pilkada DKI 2017 yang lalu https://t.co/os0S6YmrsK";2023-02-19 11:30:45;
1627268683264589824;@Mdy_Asmara1701 Sampai saat ini Nasdem berhasil memisahkan presiden doorpraise dg kelompok 212 yg merupakan kekuatan utama pilkada DKI. Kira2 apakah wan abut bisa sukses tanpa rijik ?. Terimakasih Nasdem.;2023-02-19 11:27:41;
1627260938968788992;Mari bersama menyukseskan Pilkada malang !! Nomor 1 !!! #madepmantebmanetep #rendrasanusi #pilkadamalang;2023-02-19 10:56:55;
1627255198468149248;@SotaSoma01 @aniesbaswedan Mereka dendam dan marah karena junjungannya keok pada pilkada DKI Jakarta 2017.;2023-02-19 10:34:06;
1627249718421241857;Ga perlu bayar utang kalau menang pilkada itu begini ya maksudnya?? https://t.co/5LwbSfBKnp;2023-02-19 10:12:20;
1627245129332559873;"Kok kau bodoh. Pak Anies diganti karena sudah habis masa jabatannya. Tidak ada pilkada karena sesuai UU yang ada dan UU itu sudah disahkan sebelum Pilkada 2017. Jadi Pak Anies sudah tahu tentang tdk adanya Pikada pada 2022.
Jangan suka ngadrun ah🤣";2023-02-19 09:54:06;
1627245081651707904;"@anda_loe_sia @JejenKhascheev @prabowo Ya kali FPI di pilkada pilih Anis, pilpres nanti pilih Puan 🤣🤣
Udah bubar sih, tapi simpatisannya masih mengakar rumput. Kaya sampean ini lah.. masih nge-RT dan like Imam Gede.
Kocak 🙃 https://t.co/pV9QyVtqRf";2023-02-19 09:53:54;
1627235295979773953;@islah_bahrawi 2024  akan jadi pilkada dki tingkat nasioanal https://t.co/m9LH2i3RTT;2023-02-19 09:15:01;
1627234123000733696;@_riverheaven Brani taruhan dah .....GAGAL!!!.. Waktu pilkada, dia hoki aja.... Skalian di tes/uji sama Alloh, bisa gak ente pimpin jkt.....ternyata GAGAL...... Ya udh, kapok dah.... 😜😝🤪;2023-02-19 09:10:22;
1627232981424422913;Ini sih @aniesbaswedan menyindir Yohanies yg hutang Rp. 50 M utk pilkada, yaken?;2023-02-19 09:05:49;West Borneo, Indonesia
1627231271972909056;@NohCeukenohhh @ch_chotimah2 @Yurissa_Samosir @ganjarpranowo Nih foto jaman pilkada Solo jelas tercantum insinyur... https://t.co/TYeOxWrSvk;2023-02-19 08:59:02;
1627229431994662914;Mari bersama menyukseskan Pilkada malang !! Nomor 1 !!! #madepmantebmanetep #rendrasanusi #pilkadamalang;2023-02-19 08:51:43;
1627227787013787650;@Budisan49625819 Ngutang biaya Nyagub 92M - rilis laporan biaya pilkada 65M..sisanya kemana termasuk sumbangan dari simpatisan.;2023-02-19 08:45:11;
1627226994017734656;Pelanggaran apa saja yang bisa terjadi di pilkada? - BBC News Indonesia https://t.co/OljWlLsELx;2023-02-19 08:42:02;
1627226336724160515;coba tanya juga mas SU waktu pilkada DKI doi berasa gak politik Agama dan Politik Identitas dimainkan?;2023-02-19 08:39:25;
1627224022512734209;@MustamingNanda @jimildeka @aniesbaswedan @NasDem @PDemokrat @PKSejahtera Lha lu yg gak tahu cerita awalnya, asal nuduh penista. Ahok lg cerita kejadian wkt dia ikut pilkada di kampungnya kpd GusDur. Yg ngutip almaida saat pilkada jg GusDur. Dasar kalian yg pingin negara khilafah aja.;2023-02-19 08:30:13;
1627223328464441344;"Persamaannya, Sama-sama ghoib dan gak jelas!!!
Ada menjelang pilkada.., hilang setelah pilkada..";2023-02-19 08:27:28;
1627220847831433218;Masih inget banget politik identitas yang doi gemborin pas dulu pilkada dki :) Will never forget;2023-02-19 08:17:37;
1627218849388023808;@cobeh2022 Esemka ghoib cuma ada pas deket2 pilkada atau pilpres👻;2023-02-19 08:09:40;
1627217747691323393;"@MikaellHanggoro @cryptoholderrrr @realAmienRais ah masa bong..?
itu waktu yg pilkada DKI keok, trus dipenjara siapa yg mewek ya..? 
kostumnya kebanyakan kaya bencong gitu dah..🤭😄🤣";2023-02-19 08:05:17;
1627213029715881984;@islah_bahrawi Kalo sudah berani utang miliaran demi pilkada pasti apapun caranya untuk menang akan dilakukan, bahkan menjual agama pun biar menang biar gak dikejar utang;2023-02-19 07:46:33;
1627212023850491905;@devanwonders @hey_wallet pilkada;2023-02-19 07:42:33;
1627205744859963395;"@pengarang_sajak Ahh..jumatan iya..ke dukun jg iya 😅

Btw mau jadi presiden ud ke Ibu S blon Pak ? 
Atau tggu menang dlu kek wkt pilkada kmrn ? 

😋";2023-02-19 07:17:36;
1627201024346955776;Utang pilkada ga mau lunasin, kira2 klo mau nyapres anies utang brpa lagi ya?? Wkwkwk bisa2 utang duit negara ni wkwkw anies munafik, politikus busuk👎 https://t.co/lOFNawD31y;2023-02-19 06:58:50;
1627200156109271040;"@dapitdong @aniesbaswedan Jangan smp dikibulin lg, pas pilkada DKI udah dkibulin
masak mau terus2an dikibulin";2023-02-19 06:55:23;Martapura, Indonesia
1627199721952673792;Dealer, sales, service center dan harga after sales tak akan jadi pertimbangan buat mobil supporter pilkada 2012, Pilpres 2014, Pilpres 2019 dan Pilpres 2024 nanti https://t.co/vEPLyDEhKL;2023-02-19 06:53:40;
1627198012421443584;"Duuuh semoga wrg kopi Asiang tetap langgeng yaa

Karena di zmn pilkada Dki, tempat makan/minum yg ketahuan didatangin pendukung politik identitas ga lama lsg sepi malah ada yg ketahuan rimbanya

🙏";2023-02-19 06:46:52;
1627197398408892417;"@geloraco Lanjutkan NGEDABRUS, utang segunung sampai 50% APBN buat nyicil utang, tka cina, nikel, tembaga diserap cina dgn murah, anak mantu maju pilkada, IKN, kereta cepat, islam phobia lewat islam nusantara. 

Dasar neonasakom !!";2023-02-19 06:44:26;
1627188860420767746;"Kampanye jujur menciptakan pilkada yang damai. 

#humaspoldamaluku
#poldamaluku
#basudaramanise https://t.co/maGquki25y";2023-02-19 06:10:30;
1627188570908934144;@AnakLolina2 @MUIPusat Sukses 2017 pilkada DKI dgn ayat, mayat dan masjid buat kampanye Anies akan diulang untuk Pilpres 2024;2023-02-19 06:09:21;
1627185425046704128;Mari bersama menyukseskan Pilkada malang !! Nomor 1 !!! #madepmantebmanetep #rendrasanusi #pilkadamalang;2023-02-19 05:56:51;
1627183380067672064;@feblistiawan @ahongpleong Iseh mending Depok, Ono pilkada 😁😁😁;2023-02-19 05:48:44;
1627181177705746433;@islah_bahrawi Gaya politik pilkada jakarta di pake lagi 🤣🤣🤣;2023-02-19 05:39:58;
1627180898637733888;@NasDem @aniesbaswedan Gaya politik pilkada jakarta di pake lagi 🤣🤣🤣;2023-02-19 05:38:52;
1627179361194643456;Negara nomor 4 belum bisa soalnya yaa sibuk ngurusin pilkada/pilpres sampah yg ga ada gunanya;2023-02-19 05:32:45;
1627178712881070082;"Apakah hoax, KPU ultimatum parpol kampaye berkedok sosialisasi bisa dipidana? 
#KPUMelayani
#kpu 
#bawaslu
#pilkada 
#kabupatensemarang 
#republika 
#GanjarPranowo https://t.co/CXKCp9HJRq";2023-02-19 05:30:11;
1627173531833495552;"@islah_bahrawi Berpolitik di rmh"" ibadah adalah cara jitu sekaligus cara"" busuk tapi..krn ga ada aturan keras dr aparat atau lembaga"" terkait akhir ny mrk tanpa rasa malu terjun ke sana
Lagipula itu prnh mereka lakukan di pilkada 2017, berfungsi &amp; ga ada punishment..paling"" cercaan di medsos";2023-02-19 05:09:36;
1627167220207083520;@Belok_dong @Sotoy08 @Yurissa_Samosir @JarnasABW @LANGKAHANIES @aniesmania @Anies_Relawan @Hasbil_Lbs @NasDem @PKSejahtera @PDemokrat Jualan narasi kau gak jauh dari Kebegoan satu ke yg lain .. makin nyata ketakutan team hore yg masih kalap dgn kekalahan pilkada DKI 2017 .. dan kemungkinan besar akan berjilid lagi setelah 2024 ...;2023-02-19 04:44:31;
1627166328602918912;@OposisiCerdas Di pilkada DKI Jakarta dulu jg gitu sulit menang,tp akhirnya yg ngomong gitu jd kaum PECUNDANG;2023-02-19 04:40:58;
1627166219685220352;@KakaKeyo Belum kembali modal pilkada kemarin;2023-02-19 04:40:32;Denpasar Barat, Indonesia
1627165671686807554;@7Naga10 @NasDem @aniesbaswedan pilkada dku sukses besar, anies cuma peruntungan di nasional, skrg tergantung umat mayoritas, sudah belajar dr dki atau mmg gk mau tau, asal seiman;2023-02-19 04:38:22;
1627165547023732737;Anies Mau Pakai Cara busuk lagi seperti pilkada 2016 melalui partai Umat https://t.co/Y8y0ox53AC;2023-02-19 04:37:52;
1627164629028962310;@kangope Padahal isi transportasi cuma rame pas pilkada aja ya kang;2023-02-19 04:34:13;
1627156108359118848;"@pembualndeso @OdiePro @afewgoodmen45 @denismalhotra itu hak politik mas, wong koruptor aja balik jadi caleg ato ikut pilkada lagi, ini dia ga prnh masuk bui mau calon ga boleh? Warganya yg milih, kalo ga suka tinggal ga milih toh? 

Ini batas konstitusi, beda dengan hak warga negara

Ini cerita lama SBY dulu juga kena beginian";2023-02-19 04:00:21;
1627155607143976960;@NKRI_jokowisyoo Semenjak pilkada @DKIJakarta  2017 lalu..... Kadrun kadrun makin nggak karuan.;2023-02-19 03:58:22;
1627154513223385089;@MuhiqR @MarcosLynd @Joker_Wedoks ngutang pilkada apalgi nyapres 😅;2023-02-19 03:54:01;
1627152502155247616;"@RaniKancana Maaf kata.
Pemimpin yang baik pasti akan memperjuangkan nasib warganya mati2an.bukannya malah mundur. Kalo anggaran mewah kan bisa di alihkan. 
Biaya mahal pilkada terbuang percuma.";2023-02-19 03:46:02;
1627146415154794496;@VIVAcoid Ganjar tanpa door prize massa melimpah ruah. Anies Baswedan massa dipancing door prize mobil motor HP padahal pilkada DKI hasil boleh ngutang.;2023-02-19 03:21:50;
1627142391689011200;@Hen_Wijaya_ @islah_bahrawi kalau sesama muslim bersaudara kenapa saat pilkada dki jongos2 anies usir Jarot saat jumaatan..???;2023-02-19 03:05:51;
1627140923439063040;Duta besar Amerika datang ke kantor PKS, ini sudah sangat jelas bahwa ada peranan Amerika serikat di dalam pilkada DKI Jakarta. Juga kemungkinan besar akan ada dana besar dari Amerika untuk pilpres 2024 nanti. Dari sini ada kemungkinan bahwa Anies ini akan dijadikan boneka. https://t.co/fjOA1RWGnG;2023-02-19 03:00:01;
1627140918280327168;Duta besar Amerika datang ke kantor PKS, ini sudah sangat jelas bahwa ada peranan Amerika serikat di dalam pilkada DKI Jakarta. Juga kemungkinan besar akan ada dana besar dari Amerika untuk pilpres 2024 nanti. Dari sini ada kemungkinan bahwa Anies ini akan dijadikan boneka. https://t.co/7Lartxd7gW;2023-02-19 03:00:00;
1627140917390868482;Duta besar Amerika datang ke kantor PKS, ini sudah sangat jelas bahwa ada peranan Amerika serikat di dalam pilkada DKI Jakarta. Juga kemungkinan besar akan ada dana besar dari Amerika untuk pilpres 2024 nanti. Dari sini ada kemungkinan bahwa Anies ini akan dijadikan boneka. https://t.co/c7t97arwwE;2023-02-19 03:00:00;
1627136372988604417;Mari bersama menyukseskan Pilkada malang !! Nomor 1 !!! #madepmantebmanetep #rendrasanusi #pilkadamalang;2023-02-19 02:41:56;
1627135520626348033;@narkosun Gue yakin ini orang kaga bakalan bisa daftar ke KPU. Daftar ke KPU itu 'ongkosnya' mahal. Engga mungkin cukup 50M aja kaya pilkada ayat dengan pemikiran sumbu pendeknya. Lagipula, nama dia engga harum kaya pak jokowi tahun 2012-2014 yang kalau ikut pilpres auto pasti menang.;2023-02-19 02:38:33;
1627133566177124352;Banner pilkada udah cocok belum nih wkwk https://t.co/D4FV1JMWiN;2023-02-19 02:30:47;
1627132951917133825;@KangDickyAjah Gugur formal akibat kadaluarsa tidak membuat esensi terjadinya pelanggaran pidana pilkada hilang. Artinya, Anies itu sejatinya gubernur haram dan cacat moral krn melakukan pidana pilkada. Itu melengkapi rekam jejaknya yg buruk di DKI.;2023-02-19 02:28:21;
1627131889554440192;@Mdy_Asmara1701 @aniesbaswedan tanyain bacapres CULAS dan BOKIS loe, knp pilkada kemarin pakai narasi Fir'aun?;2023-02-19 02:24:07;
1627125997312286720;"@yosxavir @aniesbaswedan @NasDem @PDemokrat @PKSejahtera Mantap pak Anies..
Teruslah berjuang... hilang kan sikap marah marah yang bikin keok... seperti pada pilkada DKI Jakarta...";2023-02-19 02:00:42;
1627124826925305856;"@pengarang_sajak Gampang cek prestasi GP, pilkada 2013 diusung PDIP sendirian menang 48,82%, pilkada 2018 diusung 7 partai hanya menang 58,78%.
Jokowi pilkada Solo 2005 menang 36,62% dan 2010 menang 90,09%.
Jika tahun 2018 GP hanya di dukung PDIP kemungkinan besar akan kalah.
GP biasa-biasa saja.";2023-02-19 01:56:03;
1627121121572294656;@NasDem @aniesbaswedan Rupanya cara cara kotor pilkada dki mau dipake lagi sama gerombolan nya anis nasdem;2023-02-19 01:41:20;
1627098779580256258;@pandji PSSI sebagai batu loncatan pemilu/pilkada dan orang2 di sekitar erik thohir. atau hanya intervensi pemerintah belaka;2023-02-19 00:12:33;
1627098660575277056;Mari bersama menyukseskan Pilkada malang !! Nomor 1 !!! #madepmantebmanetep #rendrasanusi #pilkadamalang;2023-02-19 00:12:05;
1627084803190423552;Mari bersama menyukseskan Pilkada malang !! Nomor 1 !!! #madepmantebmanetep #rendrasanusi #pilkadamalang;2023-02-18 23:17:01;
1627076720322019328;"@Yurissa_Samosir Kalau meliihat wajah2 relawan di sebelah pa anis,  mereka adalah para relawan dr kalbar yg drg ke jkt thn 2017 jumlahnya 150 org membantu beliau menjadi DKI-1, krn bgtu hebat petarungan pilkada DKI ketika itu.  Dan stlh menang,  merekapun pulang , ""bekerja dalam senyap"".";2023-02-18 22:44:54;
1627073127372181505;@MuhiqR @jokowi DRi pada tukang judi macam amis pilkada aja d jadikan taruhan najis haram hukum ny milih amis jika waras;2023-02-18 22:30:37;
1627066168065560576;"@OposisiCerdas Karena Anies bukan kader parpol manapun, dulu waktu pilkada Jakarta juga tidak dijagokan oleh survey manapun tapi kenyataannya Anies menang
☝️😌";2023-02-18 22:02:58;
1627065906563284992;@txtdarisukabumi kela atuh a ngke nungguan janji pilkada hela, paling ngke di bere banner sagede alaihim gambar desain stadion jeung bengeut baradag calon bari pose 👍🏻🙏🏻🤘🏻☝🏻✌🏻;2023-02-18 22:01:56;
1627065623716192256;Buat kita harus mantap tenggelamkan partai emak ini di pilkada mendatang;2023-02-18 22:00:48;
1627043207942111233;Mari bersama menyukseskan Pilkada malang !! Nomor 1 !!! #madepmantebmanetep #rendrasanusi #pilkadamalang;2023-02-18 20:31:44;
1627025885198176258;"1.Adakah pelaporan pd 2017 dgn dasar UU. Pemilu 2014 kpd @aniesbaswedan
2.Apakah pelaporan sdh kadaluwarsa saat ini ? Jwbnya : sdh
3.Kmn/ dmn domein diajukan gugatan terkait pemilu/ pileg/ pilkada. Jwb : di MK.
4.Apakah ranah KPK ? Jwb. Bukan ‼️
UU. Pemilu adalah lex specialis✍";2023-02-18 19:22:54;
1627024538595893248;"@alisyarief @AgusPra17277810 1.Pelapor ke Bawaslu siapa ? Adakah pd 2017 dgn dasar UU. Pemilu 2014 atau pun 2017
2.Apakah pelaporan sdh kadaluwarsa ? Jwbnya : sdh
3.Kmn/ dmn domein diajukan gugatan terkait pemilu/ pileg/ pilkada. Jwb : di MK.
4.Apakah ranah KPK ? Jwb. Bukan

UU. Pemilu adalah lex specialis✍";2023-02-18 19:17:33;
1627003593512595457;"Sebenarnya ada perjanjian tertulis resmi yg ditanda tangani Anies dan Sandiaga Uno bahwa bila mereka menangkan pilkada Gub DKI waktu itu, utangnya untuk kampanye dinyatakan lunas.
Dgn demikian Anies tidak punya utang apapun kpd Sandiaga Uno.
https://t.co/V1bkf4k419 https://t.co/5sfYUzHwlg";2023-02-18 17:54:19;
1627003589603491841;Sm kyk dulu dicky candra, wabup garut. Dimanfaatin doang buat pilkada, tp ga boleh kerja.;2023-02-18 17:54:18;
1627000454071873536;Mari bersama menyukseskan Pilkada malang !! Nomor 1 !!! #madepmantebmanetep #rendrasanusi #pilkadamalang;2023-02-18 17:41:51;
1627000433519755265;Mari bersama menyukseskan Pilkada malang !! Nomor 1 !!! #madepmantebmanetep #rendrasanusi #pilkadamalang;2023-02-18 17:41:46;
1626993849666269184;@amira_suud PKS aja, sejak pilkada DKI PKS usung Anies https://t.co/PIJOoy71HX;2023-02-18 17:15:36;
1626983538649341952;"@tanyarlfes nder aku dulu malah dapet undangan dari kecamatan buat bikin ktp, rekam sidik jari, mata, sama foto dua bulan jadi gak bayar sepeser pun, pas jadi pun dianter ke rumah masing masing
tapi waktu itu mau pilkada sih....";2023-02-18 16:34:38;
1626981572535787521;Mari bersama menyukseskan Pilkada malang !! Nomor 1 !!! #madepmantebmanetep #rendrasanusi #pilkadamalang;2023-02-18 16:26:49;
1626981560330387458;Mari bersama menyukseskan Pilkada malang !! Nomor 1 !!! #madepmantebmanetep #rendrasanusi #pilkadamalang;2023-02-18 16:26:46;
1626979535454621696;"@gatotkaca1944 @alisyarief Hutang? 
Coba tanyakan hati kecil anda sekali  lagi!

Jika pak Anies berhutang untuk keperluan pribadi kah?  Misalnya, untuk bayar bea sekolah. Enggak kan?

Di sini konteks nya jelas pilkada, dan pilkada ada aturanya! https://t.co/iPlTIdkXEa";2023-02-18 16:18:43;
1626966413536796672;"Nggak kebayang saya, PILPRES itu butuh dana 1 T lebih.
Tapi bagaimana dengan yang kekayaannya cuma 7 M sedangkan pilkada saja masih ngutang 50 M?
Bingung saya 🤔.";2023-02-18 15:26:35;
1626962325348712454;"""Enggak (berencana maju pilkada DKI 2024), kata siapa? Belum, belum,"" tuturnya di Gedung Sate, Bandung, Jawa Barat, Jumat (17/2/2023). ""(Tengah) fokus (bekerja) di Jawa Barat,"" sambung politisi Golkar itu. #BersamaJuara Ridwan Kamil";2023-02-18 15:10:20;
1626961704763674624;@KakakMade Agak aneh ketum PSSI pencitraan model gini, kyk mau maju pilkada aja;2023-02-18 15:07:52;
1626961248280797185;"@Dony_YNWA @marga2_nasution @HeangKadrun @UyokBack 😂😂😂 pantesaaaan pilkada aja dibela""in utang Sandiuno prtama 20M, trz 30M, trz 42M,, blm lagi ke Jusuf Kalla 700M br dikembaliin 300M aja dgr"" nyunat dr FE🤭🤭";2023-02-18 15:06:03;
1626956236725063680;"Kenapa kota solo banjir parah tidak diexpos media ya ?? Kalau diexpos media bisa-bisa kandidat pilpres 2024 &amp; pilkada DKI lewat nih 😌😌";2023-02-18 14:46:08;
1626954289116774402;@Relawananies Politik identitas digunakan oleh Anies dan pendukung nya saat Pilkada DKI 2017: Anies memenangkan pilkada terburuk sepanjang sejarah . Anies adalah aktor politik identitas .;2023-02-18 14:38:24;
1626946924967530504;@RosiKamel @AirinDatangLagi @ganjarpranowo Betul bgt dan wsktunya biasanya dekat2 pemilu dan pilkada....;2023-02-18 14:09:08;
1626939443872681985;weh ini lucu bgt, kayak debat pilkada juga bisa 😭😭😭;2023-02-18 13:39:25;
1626938102446194688;"@Sigmahalim @aniesbaswedan @NasDem @PDemokrat @PKSejahtera Wuih......tolol luh nyundul langit drun😀😀😀. 
Yg di bahas pilpres 2019, yg du cometnin  pilkada serentak 2018.
Drum......drun....luh lucu tp koq  tolol yah😀.
Kasian bngt jongos yaman penjilat anus tululllllllllll😀 https://t.co/k92YVU8txi";2023-02-18 13:34:05;
1626934946844786693;"@MangDjanaBdg @ifull1934 @gibran_tweet Kadrun dan cebong  sejarahnya di mulai dari pilkada dki 2017..
Sebelumnya tdk ada..";2023-02-18 13:21:32;
1626933824683900929;Mari bersama menyukseskan Pilkada malang !! Nomor 1 !!! #madepmantebmanetep #rendrasanusi #pilkadamalang;2023-02-18 13:17:05;
1626933449771843584;Dengan Gelar #BapakPolitikIdentitas @NasDem mencoba keberuntungan anies seperti di pilkada dki https://t.co/hzhIII3RN2;2023-02-18 13:15:36;
1626931416671080450;Mari bersama menyukseskan Pilkada malang !! Nomor 1 !!! #madepmantebmanetep #rendrasanusi #pilkadamalang;2023-02-18 13:07:31;
1626930888289419265;@SBY @Prabowo maaf sebelumnya pak sby pak prabowo saya warga negara indonesia merasa perlu bertanya kepada bapak berdua apakah uu pemilu membolehkan warga negara asing ikut mencoblos saat pemilu(pilkada,pilleg,pilpres) jika 1 saja yang mengaku tetapi tidak ditelusuri rasanya aneh;2023-02-18 13:05:25;
1626928640624828416;manggung asikeun bgt kaya kampanye pilkada anjerr;2023-02-18 12:56:29;
1626928555811819521;"@datuakrajoangek Yg lucu otoritas pelaksana pilkada, sudah ketahuan ada skandal duit peserta pilkada yg ketahuan gak dilaporkan pada waktu itu, yg nota bene menyalahi peraturan, kok diem aja gak merasa dibodohi dan dipencundangi.

Cari aman, menghindari masalah dan mengamankan posisi.";2023-02-18 12:56:09;
1626927286820929536;@richworld Dah lama....sebelum pilkada kayaknya...wwkwk;2023-02-18 12:51:06;
1626919811161923586;"@Sarinah116 @ch_chotimah2 @aniesbaswedan @Yurissa_Samosir @ganjarpranowo Yang penting untuk rakyat⁉️
Pake dana rakyat juga⁉️
Merugikan negara dong⁉️
Masuk kejahatan dan korupsi dong⁉️
Utang pilkada dana sendiri bukan dana rakyat, apalagi dana negara‼️ 

Semakin Lucu aja pendukung ijazah palsu 😅😅😅 https://t.co/gN6Wfi80b3";2023-02-18 12:21:24;
1626916626284089344;@musniumar Itu bacapres BOKIS dan CULAS yg pernah menggunakan narasi Fir'aun pd pilkada kemarin itu ya?;2023-02-18 12:08:45;
1626915532653076482;@Quvvatt @datuakrajoangek Die kesel rekayasa survey dan pengamatannya ..Gatot di pilkada DKI...dolang.nya jadi ilang banyak..jd dendam deh..😁😁;2023-02-18 12:04:24;
1626915174790877185;@datuakrajoangek Kalo jam terbang nya pendek kenapa lu terlalu pusing mikirin Anies ...lu kang sok2 aja anggap enteng tapi perih dan sakit hati ketika calon dr bohir lu kalah pilkada DKI...kasihan deh..😁😁;2023-02-18 12:02:58;
1626912459893383168;@NasDem @aniesbaswedan Klo mau nyapres jgn pake hutang kek pilkada DKI..Jika kalah diganti klo menang lunas..😉😁 Mana ada org ngasih hutang buat kompetisi politik dengan syarat klo menang  dianggap lunas..? Emangnya sumbangan bencana alam atau Bantuan sosial..? Org bego juga paham lah.. https://t.co/jNyMtRsxtz;2023-02-18 11:52:11;
1626910010658914305;@NohCeukenohhh @ch_chotimah2 @aniesbaswedan @Yurissa_Samosir @ganjarpranowo Yg penting utk rakyat, drpd utk bayar utang pilkada wkwkwk;2023-02-18 11:42:27;
1626907391248965632;Mari bersama menyukseskan Pilkada malang !! Nomor 1 !!! #madepmantebmanetep #rendrasanusi #pilkadamalang;2023-02-18 11:32:03;
1626900421691473923;Indonesia tidak butuh perubahan Indonesia butuh sosok yang akan melanjutkan kinerja @jokowi dan pasti ny bukan anda pilkada aja main taruhan mau jd apa bangsa ini kl d pimpin Sampah;2023-02-18 11:04:21;
1626900249976668161;@aniesbaswedan @NasDem Indonesia tidak butuh perubahan Indonesia butuh sosok yang akan melanjutkan kinerja @jokowi dan pasti ny bukan anda pilkada aja main taruhan mau jd apa bangsa ini kl d pimpin Sampah;2023-02-18 11:03:40;
1626898535064154113;Mari bersama menyukseskan Pilkada malang !! Nomor 1 !!! #madepmantebmanetep #rendrasanusi #pilkadamalang;2023-02-18 10:56:51;
1626887886636482560;"@NapiPKS @aniesbaswedan Saya kasihan sama kamu Ujung-ujungnya komentar seperti itu😁😁😁
Semua kamu samain 
Mas 1x ikut pilkada langsung menang bukan ikut berkali-kali kalah terus.

Paham ya. Penyakit nyinyir dikurangi biar g stroke";2023-02-18 10:14:32;
1626887452211449857;@ekowboy2 Itu bacapres BOKIS dan CULAS yg pernah menggunakan narasi Fir'aun pd pilkada kemarin itu ya?;2023-02-18 10:12:49;
1626886784918650880;@Mdy_Asmara1701 Itu bacapres BOKIS dan CULAS yg pernah menggunakan narasi Fir'aun pd pilkada kemarin itu ya?;2023-02-18 10:10:10;
1626885483182833665;@geloraco Itu bacapres BOKIS dan CULAS yg pernah menggunakan narasi Fir'aun pd pilkada kemarin itu ya?;2023-02-18 10:04:59;
1626882426260844545;"""Enggak (berencana maju pilkada DKI 2024), kata siapa? Belum, belum,"" tuturnya di Gedung Sate, Bandung, Jawa Barat, Jumat (17/2/2023).

""(Tengah) fokus (bekerja) di Jawa Barat,"" sambung politisi Golkar itu (Ridwan Kamil).
#BersamaJuara";2023-02-18 09:52:51;
1626879185955491841;@murany16_ Jangan terlalu gampang percaya, mana tau itu intrik politik untuk mengincar pilkada DKI 😁😁😁;2023-02-18 09:39:58;
1626876786918440961;@kdrama_menfess denger2 doi mau nyalon jadi walkot depok pilkada mendatang nder;2023-02-18 09:30:26;
1626874971720159233;@jiminneutronn mending muka lo dijadiin buat banner nyaleg pilkada 2024. semangat!;2023-02-18 09:23:13;
1626873669854326784;Memang itu amunisinya sejak pilkada 2017 https://t.co/UF7bBG5ZU3;2023-02-18 09:18:03;
1626871208200523776;"rupiah) selama masa Kampanye.

Maka jika disimak dengan seksama, jelas tidak ada sifat pada klausula didalam regulasi PPKPU. yang melarang bantuan terkait *adanya pinjaman atau utang bersyarat* yang berhubungan denagan seorang calon peserta pilkada ( Gubernur, Wakil Gubernur,";2023-02-18 09:08:16;
1626870821728956417;dengan diri Anies saat peristiwa hukum pilkada DKI. 2017 sebagai pihak  peserta atau bakal calon pada jabatan politis dimaksud akan adanya pejanjian dengan seorang pihak kedua, sesuai topik yang sempat menjadi umpan lambung politik dari Sandi, namun teryata berakhir ngawur;2023-02-18 09:06:44;
1626870702535233538;diberitain so candid gini lebih mirip pendekatan elit politik musim pilkada. padahal dibuat artikel resmi aja.  :);2023-02-18 09:06:15;
1626870591658819586;"Himbauan Kapolres Sidrap Menjelang Pilkada Tahun 2024

#damaiindonesia #pilkadadamai https://t.co/wiTlwyQvkx";2023-02-18 09:05:49;
1626870256592646145;"sebesar 50 Milyar "", lalu serta merta FK. menantang Komisi Pemberantasan Tindap Pidana Korupsi/ KPK. agar berani memproses hukum Anies, seakan Anies telah melakukan tindak pidana korupsi, saat berlangsung pilkada pada tahun 2017. Maka statemen politik FH. Merupakan bentuk";2023-02-18 09:04:29;
1626868685263736832;@SURYAPS20 kurang atuh.....dulu wan abud bisa dpt 90 m waktu pilkada dki....mosok ini pilpres hanya 15 m....😂🤣🤣😂;2023-02-18 08:58:14;
1626867097379958786;Mari bersama menyukseskan Pilkada malang !! Nomor 1 !!! #madepmantebmanetep #rendrasanusi #pilkadamalang;2023-02-18 08:51:56;
1626864079200743425;@Relawananies Relawan ogeb..buka mata lebar² cuk..pilkada Jkt 2017, pilkada paling brutal sepanjang sejarah Indonesia.. https://t.co/Vs8T0VfxkM;2023-02-18 08:39:56;
1626863571480252416;"@ChSuhendar @Mdy_Asmara1701 Bgm caranya , Ikut pilkada aja ngutang blm bayar 50 M . 

Mimpi kamu";2023-02-18 08:37:55;
1626860602407931904;"@Relawananies Kalo Partai Umat ""Karya "" Amien Rais.. 
Identitas masuk yg Pemilu 55 atau pilkada DKI 2017 ,, Anda, kalian Simpulkan sendiri??? 

Salam Waras!!";2023-02-18 08:26:07;
1626859190361919489;"@Relawananies Berbeda dg identitas Saat pilkada DKI 2017 dan Pilpres 2019 , identitas ditonjolkan bkn jati diri /ciri khas, tp menonjolkan Perbedaan yg Frontal mengarah Perpecahan anak negri. 
Berbd dianggap ""Musuh "" Sepemikiran dianggap Kawan/Saudara, yg akhirnya memunculkan isu SARA. !!";2023-02-18 08:20:31;
1626859071344353280;@SURYAPS20 Belum 50 M pun, apalagi yang 92 M. Masih kalah gengsi dengan perjanjian hutang-piutang pilkada. Ayo gass truss jangan mau kalah;2023-02-18 08:20:02;
1626858014815961090;pada tahun 2024 aturan pilpres 2019 kembali digunakan mengingat konsentrasi tahun depan juga dilakukan pilkada serentak https://t.co/ozrHUbgtW6;2023-02-18 08:15:50;
1626852558718525440;"@4_Golkar @golkarpedia untuk partai Golkar sekaligus persiapan pemilu dan pilkada,"" ujar Basri saat peluncuran BSN di kantor DPD Partai Golkar DKI Jakarta, Cikini.

#golkarpedia";2023-02-18 07:54:10;
1626844965593825281;@Relawananies Relawan pekokkkk ... Loe masih ingat pilkada DKI Jakarta waktu itu . DONGO;2023-02-18 07:23:59;
1626843410392051712;@HelmiFelis_ Parah nih perpecahan di pilkada krn politik identitas mau di ulang lagi utk perpecahan bangsa...;2023-02-18 07:17:48;
1626840817456537601;@tomas_budiono @Tan_Mar3M Cie cie...yg sakit hati bertahun tahun ,,blm sembuh sembuh jg,sejak pilkada,, gak capek apaaahh🤣🤣🤣🤣;2023-02-18 07:07:30;
1626830809054449664;@yusuf_dumdum Berarti tidak bayar hutang secara langsung atau tidak rakyat jadi korban perjanjian hutang-piutang pilkada DKI 2017.;2023-02-18 06:27:44;
1626828814511935488;@ruhutsitompul Ahoker memang sejak pilkada DKI 2017 sudah konfirm musuh Anies, saya siap perang dengan ahoker manapun juga termasuk si situmpul ini hahaha 😂😂😂 huweeek🤮🤮🤮;2023-02-18 06:19:49;
1626828700917579776;@aniesbaswedan @NasDem @PDemokrat @PKSejahtera Itu knp sih Anda pakai narasi Fir'aun pd pilkada kemarin?;2023-02-18 06:19:21;
1626828015551520768;@inowinantea @suluhpandu astaga baru kepikiran apa cuman janji pilkada sama naikin harga rumah developer jangan2😭. Kacau banget sih ini.;2023-02-18 06:16:38;
1626823060069425154;Mari bersama menyukseskan Pilkada malang !! Nomor 1 !!! #madepmantebmanetep #rendrasanusi #pilkadamalang;2023-02-18 05:56:57;
1626820974770548736;@alfaatih @suluhpandu Cuma buat jualan rumah sama pilkada aja. Realisasinya dalam mimpi ajah. 🤣;2023-02-18 05:48:39;
1626820299600850945;@siregar_ferro @ch_chotimah2 @abu_waras @ganjarpranowo @aniesbaswedan @Yurissa_Samosir Tolol masih bego aja dah jelas semua berhak goblog tp ada hal yg mengatur dia sebagai perangkat desa blog yaitu uu melarang dia untuk bersikap tidak netral dalam pemilu baik pileg maupun pilkada atau pilpres blog🤣🤣🤣🤣🤣🤣bener kata orang kalo gak goblog ya bukan cebong🤣🤣;2023-02-18 05:45:58;
1626815257669775360;Sepertinya bakal ada pilkada di Kaunas. Foto calon walikota dan calon bupati lagi banyak dipajang di tempat umum. Partai-partai pendukung juga pasang logo masing-masing. Tapi mereka hanya memasang di titik-titik yang memang jadi tempat menaruh iklan, bukan pasanh baliho sendiri.;2023-02-18 05:25:56;
1626812878102859776;@MINSEOvzt Iya kaga usah dah, kita bukan lagi pilkada.;2023-02-18 05:16:29;
1626810306541531136;"Ibarat menghamili janda terlantar, dan si janda minta tanggungjawab, lalu pelaku kabur meninggalkan janin bayi diperut si janda begitu saja.
Yang salah siapa? Adl keluarga sijanda sbg pengawas.
Terus @BAWASLUDKI_JKT kemana saat itu? Mereka sibuk merasakan pesta pilkada identitas. https://t.co/ig7YoHGyoE";2023-02-18 05:06:16;
1626803236446572545;@fullcirclemoons apalagi pattern tersebut digunakan lagi, selama pilkada berlangsung. wajar dong sender mempertanyakan hal yang gabisa dia cari dan butuh jawaban jelas.;2023-02-18 04:38:10;
1626801272748920833;@xpresswalang @SantorinisSun @bebek_NKRI Bawaslu dan masyarakat Indonesia, skrg sdh mengakui dana pihak ke3, berarti saat pilkada 2017 tdk melaporkan dgn benar sumbangan dana kampanye, itu masuk pasal penipuan.;2023-02-18 04:30:22;
1626797523020189696;"@alextham878 Kalo muncul pas pilkada dulu soal utang ini, ya ke diskualifikasi lah hahahaha.... artinya.... ya namanya bohong, sama Allah di ""buka"" ke masyarakat hahaha";2023-02-18 04:15:28;
1626794994798567424;@danissyamra Semoga warga Jakarta milih yang bener di pilkada. 😌;2023-02-18 04:05:25;
1626793809010114560;@JulianJ64808484 @HelmiFelis_ Drun,goblokmu jgn ditunjukin.jkrta mala hncur,sumur resapn bikin celaka,dp nol,ok oc ggal,pohon dimonas hilg,patung bambu mesum,tugu spatu,tugu speda,tugu peti mati g jls,jis ambruk,formula e g jls,hibah dana tuk ormas nasbung,utang pilkada 92 m,macet,polusi,kemiskinan meningkat.;2023-02-18 04:00:43;
1626792729471778817;@yusuf_dumdum Amies beruntung, udah pilkada dibantuin pendekar 212, utang g usah dibayar kemarin ada yang nemplok minta dipeluk, kesempatan jangan dilewatkan 🤣🤣🤣;2023-02-18 03:56:25;
1626790170866626560;@dwi_irawansanto @yusuf_dumdum Berkaca dari pilkada dki lalu, politik identitas dan isu kilapah terbukti manjur untuk ngobok2 RI. Makanya itu jadi strategi amrik;2023-02-18 03:46:15;
1626789644951224321;@agust_sps Iya...mau Ake jurus pilkada 2017;2023-02-18 03:44:10;
1626785408716800000;@lysavana1 Strategi merketing kuno biar terkesan amanah, lihat saja ntar pilkada pasti maju lagi.;2023-02-18 03:27:20;
1626782225269428229;"@Relawananies Menyambut kenenangan pilkada DKI 2017 di Balaikota teriak2 ""kemenangan pribumi"". Mau digital file ?.";2023-02-18 03:14:41;
1626781824352673792;@Relawananies Jngn lupa jejak digital bpk politik identitas ini di pilkada jakarta;2023-02-18 03:13:05;
1626780051583934466;Peta konstelasi dan eskalasi politik di Jawa Barat (Jabar) mulai menghangat, walaupun pilkada serentak baru akan berlangsung di akhir tahun 2024. Sejumlah nama sudah menyatakan niatnya untuk berlaga di kontestasi memperebutkan posisi orang nomor satu di… https://t.co/VlgdeJdRDY;2023-02-18 03:06:03;
1626777527904792578;Ini kayaknya buat pengalihan isu utk meredakan sorotan ke Anus yg udah gelagapan meng-counter pelbagai isu tak sedap spt soal dana pilkada, formula E, sumur resapan, politik identitas, malpraktik jabatan gubernur dll.;2023-02-18 02:56:01;
1626777201520820224;@alisyarief Nonton film porno bkn pelanggaran terhadap UU, ttp kalau pinjam uang puluhan milyard utk kampanye pilkada, dg janji akan lunas kalau nanti menang (berencana melunasi dg uang korupsi), apakah itu kau anggap lebih baik drpd nonton film porno yg notabene bkn tindak pidana ?!? 🤣;2023-02-18 02:54:43;Mertoyudan, Indonesia
1626773974825959424;Mari bersama menyukseskan Pilkada malang !! Nomor 1 !!! #madepmantebmanetep #rendrasanusi #pilkadamalang;2023-02-18 02:41:54;
1626771804445634560;@alextham878 kalau pilkada saja sdh dijadikan arena  perjudian gmn dgn pilpres, ngeriii...;2023-02-18 02:33:16;
1626771256979881984;@NasDem @aniesbaswedan Politik identitas ... 👏👏 masjid mainan y ky pilkada dki masjid jd tmpt y;2023-02-18 02:31:06;
1626769950735233024;@Metro_TV Kuburan nenek Hindun jd saksi bisu fakta pilkada intoleran;2023-02-18 02:25:54;
1626757498500968448;@Simbok_Dharmi @SetwapresRI @Kiyai_MarufAmin Ya, Mbok. Jejak digital video ybs ngomongin soal Ahok waktu pilkada tidak bisa terhapus. Mengutip ani3$, lihat rekam jejak...😔;2023-02-18 01:36:25;
1626756350851305472;@aniesbaswedan @NasDem @PDemokrat @PKSejahtera Itu pilkada kemarin knp sih Anda pakai narasi Fir'aun?;2023-02-18 01:31:52;
1626751535232462848;@Relawananies Itu bacapres BOKIS dan CULAS yg menggunakan narasi Fir'aun pd pilkada itu ya?;2023-02-18 01:12:44;
1626751315086024705;Demokrat siap menang pilkada dan pemilu 2024 #AHYPolitikusMendunia;2023-02-18 01:11:51;
1626750640407056384;@warenk71853443 @aniesbaswedan Mau cuci dosa pilkada si @aniesbaswedan;2023-02-18 01:09:10;
1626749943003381760;@lysavana1 Mundur selangkah untuk maju lima langkah di pilkada tahun depan. Nyari simpati dgn cara sok kere...;2023-02-18 01:06:24;
1626745400253349889;@MardaniAliSera @Masinton @aniesbaswedan coba dong sebutin apa aja.. dulu Anies dengan gagah bilang batalkan reklamasi saat nyalon pilkada dki, skrng harga rumah reklamasi miliaran rupiah dan tumbuh dengan indah.  nah untuk capres jg hrs gitu, misalnya batalkan IKN, bikin rumah DP 0 rupiah setiap provinsi, sumur resapan;2023-02-18 00:48:21;
1626742985533845504;@democrazymedia Gorengan jd khilafah dah ada dari pilkada bung...gorengan basi terus aja digoreng🤣🤣🤣;2023-02-18 00:38:45;
1626740869939474432;"Pak @akbarfaizal68 membedah perjanjian Anies Baswesan yang suspicious dan laporan keuangan pilkada yang manipulatif. cc @ShamsiAli2. Data &amp; angka lengkap.
Simak diskusi seru tentang ini di sini
https://t.co/qzYuqKG2AJ cc @datuakrajoangek @Jhonkosmik @mazzini_gsp https://t.co/gDyxa7Th7n";2023-02-18 00:30:21;
1626736267202539520;Mari bersama menyukseskan Pilkada malang !! Nomor 1 !!! #madepmantebmanetep #rendrasanusi #pilkadamalang;2023-02-18 00:12:04;
1626734286325047297;@aniesbaswedan Itu knp ya, saat pilkada DKI 2017 Anda menggunakan narasi Fir'aun?;2023-02-18 00:04:11;
1626730730146648067;"Masalah sebenarnya menurut sy adalah 'high cost political system'.

Jika saja BTP tdk 'selurus itu' niscaya pilkada brutal 2017 tdk ada, semua demi mendepak BTP dari 'power system'.

Org yg terlalu idealis bisa jd malah dianggap batu sandungan, yg hrs dikesampingkan.";2023-02-17 23:50:03;
1626727563229028352;@Valosenadya1 Politik identitas Anies di pilkada DKI 2017 itu nyata. Hanya kadrun dongok yang tak mengakuinya;2023-02-17 23:37:28;
1626722461835481088;Mari bersama menyukseskan Pilkada malang !! Nomor 1 !!! #madepmantebmanetep #rendrasanusi #pilkadamalang;2023-02-17 23:17:12;
1626719416363909120;@inilahdotcom Sekalian ajah diblow up posisi pasukan serta pergerakan pasukan, jumlah personil dan persenjataannya sekalian. Ini mau bebasin sandera atau mau kampanye pilkada??;2023-02-17 23:05:06;
1626716682042630144;@1febri @gaitryputra @DoankWarto Faktanya Menang 17 pilkada dari 21 daerah. Bandingkan saja Presentasenya dwngan partai lain yg juga kena kasus korupsi. https://t.co/1eyG1aL9XI;2023-02-17 22:54:14;
1626711348213321728;@obrolanpublik Lah wong antek2 ntu yg backing in yohAnies di pilkada paling buruk sepanjang jaman di DKI;2023-02-17 22:33:02;
1626701394018447363;@FPKSDPRRI Jng hny asal tolak tapi solusinya apa dan masuk akal. Kampanye bsk msh berani pakai janji bebasin pajak lagi ? Minimal yg sdh menang pilkada, buktiin di daerahnya benar2 bebas pajak. Jng hny pandai nutup sekolah buat masjid;2023-02-17 21:53:29;
1626680806113710081;Mari bersama menyukseskan Pilkada malang !! Nomor 1 !!! #madepmantebmanetep #rendrasanusi #pilkadamalang;2023-02-17 20:31:41;
1626678846295769088;@Siantar72 @aniesbaswedan bacotan itu sdh berulang kali dia sampaikan🤣🤣🤣🤣,dia terlahir dari pilkada brutal dr hasil polarisasi yg trjadi saat itu.wan jembut lg brusaha cuci baju;2023-02-17 20:23:53;
1626668765894299648;"Masak nyari pemimpin yg ngutang duit buat pilkada?

Bawaslu Jelang Pemilu: Anda Rela Pemimpin dari Orang-orang yang Punya Duit Saja? https://t.co/5zIHORPiKz";2023-02-17 19:43:50;
1626657294279933953;@Almudattsir Jangan pernah tutup mata untuk pilkada DKI 2017 bro cikal bakal itu terjadi.;2023-02-17 18:58:15;West Borneo, Indonesia
1552548613968244736;@CNNIndonesia Mbah saya bilangin yang mau maju di pilbub pilgub pilpres otomatis dah jadi politikus dan bermrntal politikus.. apalagi yang kpengen menang..;2022-07-28 06:56:49;
1522935934257225728;"@ChusnulCh__ Jng lupa jg utk memenangkan suatu perkara jg dilakukan dg cara brutal...
Bnyk contohnya dr pildes pilbub pilgub pilpres";2022-05-07 13:46:36;
1552548613968244736;@CNNIndonesia Mbah saya bilangin yang mau maju di pilbub pilgub pilpres otomatis dah jadi politikus dan bermrntal politikus.. apalagi yang kpengen menang..;2022-07-28 06:56:49;
1522935934257225728;"@ChusnulCh__ Jng lupa jg utk memenangkan suatu perkara jg dilakukan dg cara brutal...
Bnyk contohnya dr pildes pilbub pilgub pilpres";2022-05-07 13:46:36;
1626109500087484418;@kompascom Ente gmna,si,klo 5 THN jdi gaubnur itu krja ga karuan,tpi pilbub ente pke politik indetitas dan kontrak politik.;2023-02-16 06:41:31;
1625294271602630656;@RasMelayu @andre_rosiade Pemilu ndah selesai bloq, saatnya membangun bangsa bukan sakit hati berkepanjangan ndak jelas, orang kaya kalian ini yg merusak negara. Selesai pemilu/Pilgub/Pilwako/pilbub udah bertarung 5 tahun kedepan lg.;2023-02-14 00:42:05;
1624304065936248832;"@alisyarief Akan lebih clear kalau harun masiku di tangkap

Biaya pileg, pilbub, pilgub, pilpres #mahal";2023-02-11 07:07:22;
1624112037524803586;@Reiza_Patters @tribunnews @puanmaharani_ri Coba ikut pilbub atau pilwalkot dulu deh. Utk test elektabilitas.;2023-02-10 18:24:18;
1622376350802907137;@OposisiCerdas Bukan hanya pilgub, pilbub juga krn justru pimilihan bupati yg yg paling ekstrim...;2023-02-05 23:27:18;
1621293671168737281;@bachrum_achmadi Coba aja anak anda maju jadi pilkada atau pilbub ada yg milih gak.kan anak anak jokowi itu dipilih atas dasar pemilihan.itu kan demokrsi bro;2023-02-02 23:45:08;
1619026969559171072;oh iya ya nanti bukan cuma pilpres doang yg seru ya. ada pilgub, pilwalkot, pilbub, pilmat, pilkades juga ya... okee siapkah kita menelan pil pil itu, ya harus siaplah...🤓;2023-01-27 17:38:04;
1617857196410429441;"Nikmat Syahwat kuasa sangat menggoda
Walikto maju pilbub, anak bawang maju pilwalkot";2023-01-24 12:09:48;
1617745960456851456;@elisa_jkt @hariankompas Di kab gw juga gini. Hampir tiap tahun puluhan hektar sawah di desa2 yang jauh dari pusat kota diuruk jadi perum horisontal. Pejabat setempat gayanya gak mau tahu. Tapi dah mau musim pilbub/pilegda mereka dah mulai ngomongin soal ketahanan pangan nih, wkwkwk.;2023-01-24 04:47:47;
1617074346157277184;@BosPurwa @jokowi terbalik.. kl masyrkt bawah mah udah ngerti demokrasi.ketika udh ada yg menang. semua akur. krn masih berkaitn klrg. dan udah terbiasa dg perbedaan pilihn..pileg.pilbub.pilgug dn pilpres.. justru org2 yg d atas lah yg susah akur.. kerika d hadapkn kepada beda pilihn..;2023-01-22 08:19:02;
1615205972930355200;"@Rizaaa15 @lagvifadil7 @idextratime @okezonenews Krna di negara kita sepakbola itu olahraga populer jd orng politik memanfaatkan itu. Cntoh pilbub rakyatnya pasti akan blg ""pak majuin klub bola daerah"" Klo sistemmya gtu ya udh budaya Indonesia sih";2023-01-17 04:34:47;
1609200350665510912;"Siap-siap tahun 2023, politik Indonesia akan mulai panas karena partai-partai mulai mencari sirkel.

Tak hanya pilpres, tetapi pilgub dan pilbub/pilwako juga akan mulai panas.";2022-12-31 14:50:35;
1607671690028527616;"@Umar_Hasibuan__ Jadi ingat surveinya tentang ahok saat pilbub
Juga tentang Juliari https://t.co/h3A3M6ElNO";2022-12-27 09:36:14;
1606381140167823374;@AgusYudhoyono Ikut pilbub dulu gus,, pilgub,, baru cawapres,, capres.. Jangan terlalu ambisi.;2022-12-23 20:08:03;
1605742221374152704;@AgusYudhoyono Gus ..coba latihan dulu gih ikut pilbub ,kayaknya bupati lebak kadermu itu perlu diganti;2022-12-22 01:49:13;
1602228385555832834;@zainul_munas @timescoid Gasss Om, pada pilbub mendatang kader @DPP_PKB yg harus pimpin dan gantikan dia;2022-12-12 09:06:29;
1594973727606730752;@msaid_didu wkwwkwkwwk ... dimana2 dalam politik praktis yang namanya bandar a.k.a bohir a.k.a oligarki itu ada. Lha wong pilkades aja ada, apalagi pilbub, pilgub ... bandar tajir g mau rugi dipasang semua tuh. siapapun yg menang dia tetep untung. SIMPLE AS THAT;2022-11-22 08:39:04;
1594503223943266304;@ekowboy2 Ya udah monggo dipilih jadi bupati ciamis nti di pilbub 2024;2022-11-21 01:29:27;
1591831594339545088;@ZUL_Hasan Harga sawit dan pupuk tak juga bisa bapak atasi,,,, kami masyarakat belum bisa mendapatkan harga seimbang antara pupuk dan komuditi,,, kami petani kecil dibutuhkan bila saatnya pilek pilpres pilgub pilbub pilwal pilkades setelah itu kami tak dianggap lagi,,,;2022-11-13 16:33:21;
1586131763679854592;"@WagimanDeep212_ yang lucunya pada wkt itu kontestasi pilbub Bangkalan adalah Paman vs Keponakan.
Lebih lucu lagi, FA kampanyekan adiknya melawan anaknya sendiri (lurah Momon) 😂";2022-10-28 23:04:16;
1582614668790575104;@BungaTe97453859 @Dennysiregar7 Seperti ahoker yg tiada pernah padam sakit hati dan dendamnya krn keok di pilbub ya🤣🤣;2022-10-19 06:08:35;
1580892285474344961;Kalau saya usul, pemilihan kepala desa dipilih langsung di tanah lapang pake barisan kayak zaman dulu. Yang pilih Pak Parmin, baris di belakangnya. Fair. Kalo cocok bisa bisa diteruskan ke pilbub/walkot. Udah gak relevan istilah ‘rahasia’. Wani milih kok rahasia.;2022-10-14 12:04:27;
1578666406807105536;@abu_waras @NasDem cocok pilbub ni🤣;2022-10-08 08:39:36;
1578651866308968448;@QianzyZ Cuma segitu, jangankan nyapres. Buat pilbub saja kurang 😂;2022-10-08 07:41:49;
1577959899534802945;Woiii Pilpres, pileg, pilgub, pilbub/pilkkot serentak jd PT 20% yg sekarang untuk perolehan suara 2024 bisa di gunakan u/2029;2022-10-06 09:52:11;
1577290853324058625;@wahyu850428 @febridiansyah Kasus saksi palsu pilbub kobar utk menjegal sugianto, dan sugianto terjegal, sethn kemudian si saksi ini koar2 dg bangga klu mrk di suruh utk bersaksi palsu, karuan sj hmpr menyeret ketua MK Mahfud MD.;2022-10-04 13:33:38;
1574232271368122368;@Herzaky__MP Kenapa ahy gak lewat level bawah dulu misal di pilbub pacitan baru ke jatim 1 baru ke RI 1... berjenjang dr bawah..;2022-09-26 02:59:55;
1571787066060738560;@AlimMaktour @Sahalanapitup12 @mohmahfudmd Besar dan rusak. Kader pdip bupati tulungagung jadi tersangka koruptor saja masih menang pilbub. Itu gambaran rusaknya pdip dan pemilihnya;2022-09-19 09:03:33;
1571413150263824384;"Sejak tahun 2000 (setelah era reformasi) saya sudah didaulat menjadi timses (saat itu pilbub) karena saya tinggal di kabupaten dan menjabat fungsionaris partai saya untuk mengambil rekomendasi cabup nya..
Jadi saya hapal banget sepak terjang yang namanya politikus!. https://t.co/6Yfcv8TRVf";2022-09-18 08:17:45;
1566353796753633280;"@susyrizky Di wilayahnya ndoro @ganjarpranowo ini, emg gila-gilaan kalo masalah itu. Jangankan pilbub, rahasia umum utk jd kadus, kades aja banyak yg udah tembus 1 M. Makin hari bukan makin sadar, tp makin menjadi, modal yg diperlukan makin besar.
Jd jgn heran liat kemiskinan sangat tinggi!";2022-09-04 09:13:41;
1566317843880153089;"@susyrizky Tetangga saya yg pensiunan petinggi kantor pajak ambyar 25 M. Ikut pilbub juga di jateng. 
Mungkin uang yg didapat selama menjabat bukan uang halal. Sekarang beliau rajin beribadah. Mungkin pula Tuhan membersihkan beliau dr harta yg tak halal. Itulah cara Tuhan bekerja.";2022-09-04 06:50:49;
1564953993004339200;@bachrum_achmadi @bachrum_achmadi tapi AHY khan keok di putaran pertama alias sebagian besar warga tidak mau DKI dipimpin oleh AHY, seharusnya AHY ikut pilbub di Pacitan dulu lah;2022-08-31 12:31:22;
1564011704538648576;@MARQUEZ__93 Secara nalar...yg pantas nyalon presiden atau wapres kalau dari TNI ya pangkatnya jendral ,bukan mantan mayor .berkarirlah dari bawah,ikul pilbub di Pasuruan dulu pasti jadi.mimpimu jangan tinggian nanti bisa jatuh.;2022-08-28 22:07:02;
1555532891643604994;Bukaaaan... Juned atw haryo itu mbah garuda.. skrng sdh makmur dia,balik ke kota asalnya ponorogo. thn 2020 aku kenalin ke tmnku sesama eks media yg running pilbub ponorogo,biar bantu2..;2022-08-05 12:35:16;
1552548613968244736;@CNNIndonesia Mbah saya bilangin yang mau maju di pilbub pilgub pilpres otomatis dah jadi politikus dan bermrntal politikus.. apalagi yang kpengen menang..;2022-07-28 06:56:49;
1537965978121711616;"@Budionotaslim3 @RadenKianSayang @PialaSoe @didik_bung @patriot016610 @aniesbaswedan Waduh bisa begitu ya?
Hingga hari ini sejak pilpres, pilgub, pilbub, pilwalkot diadakan dengan lembaga survey yang resmi tidak ada laporan berkaitan dengan survey, berarti tidak ada masalah, setidaknya tdk ada pelanggaran";2022-06-18 01:10:37;
1535864021089325056;@MaulanaAdiKusu1 @ferrykoto Pemilih Jokowi dr kalangan tidak terdidik. Terbukti tersangka KPK kader PDIP masih menang pilbub Tulungagung;2022-06-12 05:58:12;
1533729333336240128;@machbeach @Dennysiregar7 Bpk.Ini terlalu banyak bicara. ...padahal jika ikut pilkot, pilbub, atau pilgub, pasti bisa menang.... Karena sudah lancar berbicara 🤔;2022-06-06 08:35:43;
1531810410654969859;@Siantar72 @KaredokLeunca__ @PDI_Perjuangan Calon dr pdip ada yg bangsat. Contoh bupati Tulungagung Kader pdip yg jadi tersangka kpk masih menang pilbub;2022-06-01 01:30:36;
1528979665116770305;@jhabadi @YRadianto Padahal yg paling goblok biasanya pemilih pdip,  kader pdip bupati Tulungagung yg tersangka kpk saja masih dipilih dalam pilbub. Kurang gila bgmn lagi pendukung rezim;2022-05-24 06:02:13;
1528402324778938368;@marsc1103 @03__nakula Bupati Tulungagung Kader pdip jadi tersangka kpk masih menang pilbub.  Rusak sistem nya. Gila pemilihnya.. ancur yg dipilih.. demokrasi menghasilkan penguasa bejad;2022-05-22 15:48:05;
1528344296100798464;@PutraErlangga95 Sebagian Rakyat Indonesia mudah tertipu dengan atribut2 dadakan yang dipakai para peserta pilpres, pilgub,pilbub,pilwalkot,pileg Ada juga yang masih tergiur uang 200.000 sekali menghadiri kampanye.;2022-05-22 11:57:30;
1527967229194620928;@ByGojeKRwMangun @detikcom Untuk pilpres dan pileg di bulan Februari dan untuk pilgub dan pilbub/walkot di bulan November kalau gibran maju cagub itu pak Jokowi bukan lagi presiden tapi sudah jadi mantan presiden;2022-05-21 10:59:10;
1526898003230924800;"@aritj @muchlis_ar @GunRomli Bupati Tulungagung Kader pdip jadi tersangka kpk saja masih bisa menang pilbub. Pangsa pasarnya ada di penjahat dan perongrong negara.. wkakaka

Tdk menjijikkan menurut kalian..wkkk";2022-05-18 12:10:27;
1526448739916795905;"@DimaseLagie Mayoritas pemilih PDIP tdk waras
 Calon bupati Tulungagung kader PDIP jadi tersangka KPK saja masih menang pilbub. Edan bukan";2022-05-17 06:25:14;
1525792206006939648;Soal organisasi agama nya saya gk memahami dari mana dulunya, dan sy jg bukan pemilihnya saat pilbub kala itu.;2022-05-15 10:56:24;
1525739025092313088;@Karinawung @aa_angon2 Kader PDIP jadi tersangka KPK masih bisa menang pilbub. Ini rusak pemilihnya rusak parpolnya rusak demo KERAsi nya;2022-05-15 07:25:05;
1524967624190619648;@Dedd32605576 @Penyuka_ombak Bukti rakyat pemilih pdip nya juga rusak bong. Kader pdip bupati Tulungagung yg jadi tersangka kpk saja menang pilbub;2022-05-13 04:19:48;
1524242362003722240;@aqshalstwn @notyourdream00 menuju pilbub 2024;2022-05-11 04:17:52;
1523826439216578560;@AjadanSuriadi @Dennysiregar7 Klo kecerdasan lebih cerdas pak Ahok ta karena pak anis waktu pilbub anis menang didukung oleh KADRUN2x cobak klo tidak Ahok menang telak ini fakta karena Ahok kesandung lesan ya itu itu ada berita bahwasanya anis gak lolos jadi presiden, 😭😭😭✋✋;2022-05-10 00:45:09;Pakisaji, Indonesia
1523493745169035264;"Pilkada serentak 2020, Partai Demokrat memenangkan 49 persen pilkada dari 271 pilgub dan pilwako/pilbub.

Koalisi terbanyak berturut2  dengan Golkar, PDIP, Gerindra, PKS dan PKB, Nasdem dan PAN serta PPP.

Terbanyak dangan Golkar, tapi bisa bekerja sama dengan setiap partai.";2022-05-09 02:43:08;
1522935934257225728;"@ChusnulCh__ Jng lupa jg utk memenangkan suatu perkara jg dilakukan dg cara brutal...
Bnyk contohnya dr pildes pilbub pilgub pilpres";2022-05-07 13:46:36;
1521877562477395968;"@NuryaniAmy @SisiwittFrida Oh yang nyungsep di putaran pertama pilbub DKI ya???
Mau jadi presiden???
Bapaknya ajah begitu apalagi anaknya!!! https://t.co/leWgHgxMhh";2022-05-04 15:41:00;
1517177283030974464;@mohmahfudmd Hoax itu di semai sejak 2012 ketika pilbub dki. Dimulai oleh pejabat , seterusnya jd budaya.;2022-04-21 16:23:46;
1515339684561698823;@Ikaaarhmaaa @Gerindra @aryusyure @prabowo Ojo gelem min, nane Gerindra pas pilbub kalah.;2022-04-16 14:41:49;
1514858360939503620;@Manzu20106371 @Miduk17 @theo73ploRI Negerimu rusak krn demokrasi bong. Penjahat dr pdip tersangka kpk saja menang pilbub;2022-04-15 06:49:12;
1514830051438518275;@radixwp @satyaoke @Miduk17 Bupati Tulungagung jadi tersangka kpk tdk dibuang. Sampai dia menang pilbub juga;2022-04-15 04:56:43;
1514828799288156169;@radixwp @satyaoke @Miduk17 Dibuang gundulmu. Kader pdip yg jadi tersangka saja masih menang pilbub Tulungagung.  Terbukti mrk bnyk yg rusak;2022-04-15 04:51:44;
1512566344335593473;"@dewimajid3 @Ajat59223859 @montanafriska73 Guruh sdh lama jd anggota dpr tp tanpa terlihat kiprahnya. Dapilnya sama dg arteria dahlan blitar Tulungagung kediri. Yg marak pki zaman dulu, bupati Tulungagung tersangka kpk saja bisa menang pilbub. Mrk militan dan ""gila""";2022-04-08 23:01:33;
1510833644490821635;@absharrahman @MafiaWasit Pas sak durunge pilbub ae diewangi nglobi ng Ngalam spy ga degradasi..eh Saiki dicolno..😂😂;2022-04-04 04:16:25;
1508819603891310602;@KakaKeyo Dan apa guna diriku jadi kpps pilbub kalau pakek konvensi😂😂😂;2022-03-29 14:53:20;
1508393451913900033;@WongNeh @Endriyw Ha ha dari.pilbub sd pilek sampai pilpes harus bayar buat parpol utk anter;2022-03-28 10:39:58;
1506258674964000772;@ACEH_Foundation @yaraabdya1 Ka lagee pilgub atau pilbub keudeh;2022-03-22 13:17:07;
1505798285474234368;@BossTemlen Pemilih PDIP militan rusak tdk peduli benar salah. Bupati Tulungagung kader PDIP jadi tersangka KPK saja masih menang pilbub;2022-03-21 06:47:42;
1504248995870572546;@msaid_didu Sah sah saja namanya strategi politik untuk memenangkan pilpres/Pilgub/pilwata/pilbub coba dimana ada calon yang yang tidak janji itu namanya janji politik .;2022-03-17 00:11:22;
1504074368263286788;@LikinSaeful @RadioElshinta Pilgub dan pilbub/walkot lagi pandemi jg....varian delta lagi;2022-03-16 12:37:28;
1497543274902745093;"@rheina842 Semua partai akan bertingkah sama krn sistem yg dipk jls tdk pro rakyat dan justru mendatangkan penjajah.
Biaya pemilu brp tdk sesuai dngn hasil yg dicapai.
Capres  pileg  pilkada pilgub pilbub  ongkos mahal. krn mengeluarkan modal bsr pasti stlh jd akan mencari kembalian .";2022-02-26 12:05:14;
1497082346218352641;@democrazymedia Saya pilih PKS aja sudah jelas tujuannya  juga  dewan nya merangkul ke bawah  paling bawah pks merangkul ke bawah bukan di ajang pilkada, pileg ,Pilgub,pilbub, atau di pilpres saja PKS merangkul rakyat setiap waktu beda dengan partai lain perlunya dgn rakyat di ajang pemilu saja,;2022-02-25 05:33:40;
1495315439219769345;@LilikMardiana3 @Dadungkawuk41 @bedarmanto @jietax Cabup Tulungagung pdip yg jadi tersangka kpk masih menang pilbub... yg rusak pemilihnya dan  yg dipilih..wkkk;2022-02-20 08:32:36;
1493081599902388224;@tarkunnaja @KakekHalal Rusaknya pdip dan pemilihnya bisa dilihat dr pilbub Tulungagung.  Calon bupati pdip yg jadi tersangka masih menang. Edan kan?;2022-02-14 04:36:08;
1489765463466778627;"@TriatMoko88 @capungnagafly @FaisalBasri Ssst @FaisalBasri iku sing waktu itu nyalon gubernur kalah telak itu bukan ? Seriusan nanya. Sepertinya negeri ini mjd tkesan tdk baik2 saja sejak bnyak yg kalah pilpres/pilgub/pilbub/ pileg. Tmasuk sejak byknya mentri &amp; pjabat BUMN dipecat, tmasuk pensiunan pjabat yg blm puas";2022-02-05 00:58:59;
1487607939645198340;@veelgeno @WagimanDeep212_ Kandang banteng, ada yg memilih bupati Tulungagung pdip yg sdh jadi tersangka kpk? Bisa menang pilbub lho penjahat dr pdip. Kan goblok dan  gila pemilih dan yg dipilih;2022-01-30 02:05:45;
1487392846328242181;@AntiCBongKDrun_ @HeriSuwondo2 Tenggelamkan PDIP di seluruh Indonesia. Bupati Tulungagung kader PDIP jadi tersangka KPK saja masih menang pilbub. Rusaknya otak pemilihnya;2022-01-29 11:51:03;
1487235360342278144;@LathaifulMinan @CutSarina5 @Orangbi20418809 @hukum_suka2 @Louis_chantika Sma dg arteria dahlan gak berani dapil sumatra malah dapil Tulungagung yg bupatinya menang pilbub walau jadi tersangka kpk.pemilihnya rusak2;2022-01-29 01:25:16;
1486310312165126145;@LaingenLisa Kalo dilevel pilbub/pilwakot, semua orang tau kalo money politic yg bermain. siapa yg kuat kasih amplop serangan fajar, dialah yg menang. inilah kesalahan pemilih, mau aja nerima duit tanpa liat lagi orangnya.;2022-01-26 12:09:27;
1485996500694224906;@jabangtetuko001 @keuangannews_id Calon yg menang pilbub bernama edi, boleh jadi awang yg kalah dendam dg orang bernama edy, jadi sambil pansos ngancam ngirim jin;2022-01-25 15:22:28;
1485826318159998976;@ersadamekita @Nagisha15 @Yuniar_pink @mei_peseek Pas pilbub ada intimidasi dong.. semcam pemaksaan gitu?;2022-01-25 04:06:14;
1485594285877886976;@novian_sp Bupati Tulungagung kader pdip yg jadi tersangka kpk masih menang pilbub, sdh ketahuan rusaknya otak  pemilih dan rusaknya calon dr pdip;2022-01-24 12:44:13;
1485075472761655298;@suhendar_rostin Cak terus yg mau digandeng PKB partai mana saingan berat jg didepan mata kan kader Banser meski anyaran modal sangat besar Lom yg jelas2 macam. pak Ganjar optimis boleh tapi realitas kan harus wong Pilkada aj PKB di daerah menang pilbub keok kan.;2022-01-23 02:22:38;
1484348556643569667;@Asmaragadjayar1 @RD_4WR1212 @basuki_btp Ahok itu didukung pdip, hampir sama dg bupati tulungagung yg kader pdip jadi tersangka kpk tetap saja menang pilbub. Pemilihnya otaknya rusak;2022-01-21 02:14:08;
1484165220121870341;@dikychandra_ @abrormiftah1 Arteria dahlan dapil blitar kediri tulungagung, pemilihnya sama dg pemilih bupati kader pdip yg tersangka kpk, rusak nya pemilih dan yg dipilih sdh terlihat dr kemenangan pilbub tersangka kpk..;2022-01-20 14:05:37;
1484039421704171523;@NKRI20548205 @Aryprasetyo85 Bupati tulungagung pdip yg jadi tersangka kpk saja masih menang pilbub..;2022-01-20 05:45:44;
1484010886692225032;@HukumDan @ListyoSigitP Arteria Dapil kediri tulungagung blitar, pemilih arteria boleh jadi juga pemilih bupati pdip yg jd tersangka kpk, jd tsk saja masih bisa menang pilbub,  Begitulah rusak nya pemilih;2022-01-20 03:52:21;
1484010611814334469;@DjagoKang @HukumDan @ListyoSigitP Dapil kediri tulungagung blitar, pemilih arteria adalah pemilih bupati pdip yg jd tersangka kpk, jd tsk saja masih bisa menang pilbub,  Begitulah rusak nya pemilih dia;2022-01-20 03:51:16;
1483826983629123586;@diki_jafar @VIVAcoid Bupati Tulungagung kader PDIP jadi tersangka KPK saja masih menang pilbub pemilihnya yg gila dan yg dipilih penjahat. Itu pemilih Arteria Dahlan. Guruh Soekarno putra juga dapil sini;2022-01-19 15:41:35;
1483826062442512387;@ZaenalZae7 @VIVAcoid Bupati Tulungagung kader PDIP jadi tersangka KPK saja masih menang pilbub pemilihnya yg gila dan yg dipilih penjahat. Itu jg pemilih Arteria Dahlan. Guruh Soekarno putra juga dapil sini;2022-01-19 15:37:56;
1483824746852929536;@VIVAcoid @DonAdam68 Bupati Tulungagung kader PDIP jadi tersangka KPK saja masih menang pilbub pemilihnya yg gila dan yg dipilih penjahat. Itu pemilih Arteria Dahlan. Guruh Soekarno putra juga dapil sini;2022-01-19 15:32:42;
1483824682445193219;@PakMasok @Bebque__ @VIVAcoid Bupati Tulungagung kader PDIP jadi tersangka KPK saja masih menang pilbub pemilihnya yg gila dan yg dipilih penjahat. Itu pemilih Arteria Dahlan. Guruh Soekarno putra juga dapil sini;2022-01-19 15:32:27;
1483040943502946306;@Ign_CXX @RyaWiedy @Mi73Hel @Uki23 @PDemokrat Bupati Tulungagung kader PDIP jadi tersangka KPK saja masih menang pilbub pemilihnya yg gila atau yg dipilih. ??;2022-01-17 11:38:09;
1478231248732524547;"@SisiwittFrida Mending ikuti dulu pilbub, pilwal atau Gubernur Bu....kan masih muda...
Oh Ya Bu sampaikan terkhusus dulu ke kader partai Anda.";2022-01-04 05:06:08;
